match_id,home_name,away_name,league,match_date,home_goals,away_goals,total_goals,goal_diff,ah_line,fav_side,line_mag,ticks,zone,ou_line,ah_outcome,ah_payout,ah_fav_covered,ou_outcome,ou_payout,ah_open,ah_close,ah_delta,delta_ticks,h2h_stadium_cover,h2h_general_cover,prev_home_shots_diff,prev_home_sot_diff,prev_home_danger_diff,prev_home_attacks_diff,prev_home_wdl,prev_away_shots_diff,prev_away_sot_diff,prev_away_danger_diff,prev_away_attacks_diff,prev_away_wdl,ind_local_localia,ind_local_ah,ind_local_danger_diff,ind_visitante_localia,ind_visitante_ah,ind_visitante_danger_diff,home_rank,away_rank,rank_diff,prev_home_danger_diff_bin,prev_away_danger_diff_bin,ind_local_danger_diff_bin,ind_visitante_danger_diff_bin,ticks_bin,delta_bin
2671731,Ethio Electric FC,Wolaita Dicha,Ethiopia Premier League,9/22/2024,2,3,5,-1,-0.25,AWAY,0.25,1,PICK_EM,1.5,L,-1.0,-1,OVER_W,1.0,-0.25,-0.25,0.0,0,NO_COVER,NO_COVER,10,4,62,11,D,-4,-2,-16,-4,L,H,0.0,-5,,,0,99,99,0,muy_pos,neg,neutro,neutro,low,drop
2670429,Welwalo Adigrat,Bahir Dar Kenema FC,Ethiopia Premier League,9/21/2024,0,1,1,-1,-0.25,AWAY,0.25,1,PICK_EM,2.0,L,-1.0,-1,UNDER_W,1.0,0.25,-0.25,-0.5,-2,COVER,COVER,5,2,10,8,D,4,4,14,10,D,H,0.75,30,H,1.5,27,99,99,0,pos,pos,muy_pos,muy_pos,low,strong_drop
2671732,Kedus Giorgis,Fasil Kenema,Ethiopia Premier League,9/22/2024,1,2,3,-1,0.25,HOME,0.25,1,PICK_EM,1.75,L,-1.0,-1,OVER_W,1.0,0.75,0.25,-0.5,-2,COVER,COVER,-2,1,-13,25,D,-6,0,-18,-19,L,A,0.0,-6,A,0.0,15,99,99,0,neg,neg,neg,pos,low,strong_drop
2671634,Sidama Bunna,Hawassa City FC,Ethiopia Premier League,9/23/2024,0,1,1,-1,0.25,HOME,0.25,1,PICK_EM,2.25,L,-1.0,-1,UNDER_W,1.0,0.0,0.25,0.25,1,NO_COVER,NO_COVER,4,0,53,4,L,1,2,9,-8,W,H,0.0,53,A,1.25,9,99,99,0,muy_pos,pos,muy_pos,pos,low,rise
2672413,Fasil Kenema,Mekelle 70 Enderta FC,Ethiopia Premier League,9/26/2024,1,1,2,0,0.5,HOME,0.5,2,MUST_WIN,2.0,W,1.0,1,PUSH,0.0,0.5,0.5,0.0,0,,,0,0,0,0,L,0,0,0,0,L,,,0,,,0,99,99,0,neutro,neutro,neutro,neutro,low,drop
2672327,Ethiopian Insurance FC,Arba Minch,Ethiopia Premier League,9/25/2024,0,0,0,0,0.0,HOME,0.0,0,PICK_EM,2.25,P,0.0,0,UNDER_W,1.0,0.25,0.0,-0.25,-1,COVER,COVER,13,6,73,72,W,2,-2,-8,-9,D,A,0.25,-39,,,0,99,99,0,muy_pos,neg,muy_neg,neutro,low,drop
2672373,Ethiopia Bunna,Ethio Electric FC,Ethiopia Premier League,9/26/2024,0,0,0,0,1.0,HOME,1.0,4,WIN_BY_1,2.5,W,1.0,1,UNDER_W,1.0,0.5,1.0,0.5,2,COVER,COVER,5,2,43,28,D,3,-1,29,16,D,,,0,,,0,99,99,0,muy_pos,muy_pos,neutro,neutro,mid,rise
2672805,Bahir Dar Kenema FC,Adama City,Ethiopia Premier League,9/27/2024,0,1,1,-1,0.5,HOME,0.5,2,MUST_WIN,2.0,L,-1.0,-1,UNDER_W,1.0,0.25,0.5,0.25,1,NO_COVER,NO_COVER,9,1,4,-2,W,6,6,-47,-39,W,A,,-14,A,0.0,1,99,99,0,neutro,muy_neg,neg,neutro,low,rise
2672806,Hawassa City FC,Shire Endaselassie FC,Ethiopia Premier League,9/27/2024,1,1,2,0,0.25,HOME,0.25,1,PICK_EM,2.0,HW,0.5,1,PUSH,0.0,1.0,0.25,-0.75,-3,COVER,COVER,-4,-4,-14,-10,D,-4,0,-3,-20,W,H,0.0,47,,,0,99,99,0,neg,neutro,muy_pos,neutro,low,strong_drop
2672804,Kedus Giorgis,Welwalo Adigrat,Ethiopia Premier League,9/27/2024,2,1,3,1,0.5,HOME,0.5,2,MUST_WIN,2.0,W,1.0,1,OVER_W,1.0,0.5,0.5,0.0,0,,,-4,-4,2,1,L,-8,-4,-27,-19,L,A,-0.25,-59,A,1.25,-6,99,99,0,neutro,muy_neg,muy_neg,neg,low,drop
2673264,Mekelakeya,Sidama Bunna,Ethiopia Premier League,9/28/2024,1,2,3,-1,0.75,HOME,0.75,3,MUST_WIN,2.25,HL,-0.5,-1,OVER_W,1.0,0.5,0.75,0.25,1,COVER,COVER,3,2,-6,-1,W,7,0,45,24,L,H,0.0,-19,H,0.25,-16,99,99,0,neg,muy_pos,neg,neg,mid,rise
2673269,Dire Dawa,Wolaita Dicha,Ethiopia Premier League,9/28/2024,4,1,5,3,0.0,HOME,0.0,0,PICK_EM,2.0,W,1.0,1,OVER_W,1.0,0.25,0.0,-0.25,-1,PUSH,PUSH,3,0,-1,0,D,2,2,0,0,W,,,0,A,0.0,-9,99,99,0,neutro,neutro,neutro,neg,low,drop
2673831,Kedus Giorgis,Mekelle 70 Enderta FC,Ethiopia Premier League,9/30/2024,0,1,1,-1,0.75,HOME,0.75,3,MUST_WIN,2.25,HL,-0.5,-1,UNDER_W,1.0,0.75,0.75,0.0,0,,,0,0,25,19,W,-6,-4,-18,-15,D,H,0.25,2,,,0,99,99,0,muy_pos,neg,neutro,neutro,mid,drop
2674582,Fasil Kenema,Shire Endaselassie FC,Ethiopia Premier League,10/1/2024,0,0,0,0,0.25,HOME,0.25,1,PICK_EM,2.0,HW,0.5,1,UNDER_W,1.0,0.5,0.25,-0.25,-1,COVER,COVER,6,4,18,15,D,-5,1,-15,-17,D,H,0.5,0,,,0,99,99,0,pos,neg,neutro,neutro,low,drop
2674707,Ethiopia Bunna,Hawassa City FC,Ethiopia Premier League,10/2/2024,3,1,4,2,0.5,HOME,0.5,2,MUST_WIN,2.0,W,1.0,1,OVER_W,1.0,0.5,0.5,0.0,0,COVER,COVER,2,1,21,12,D,1,1,-19,-37,W,H,0.5,2,,,0,99,99,0,muy_pos,neg,neutro,neutro,low,drop
2674581,Bahir Dar Kenema FC,Hadiya Hossana,Ethiopia Premier League,10/1/2024,2,0,2,2,0.25,HOME,0.25,1,PICK_EM,1.75,W,1.0,1,OVER_HW,0.5,0.0,0.25,0.25,1,COVER,COVER,-1,-3,9,33,L,2,-1,13,-25,D,H,0.0,-24,H,0.25,-31,99,99,0,pos,pos,muy_neg,muy_neg,low,rise
2673834,Ethiopian Insurance FC,Ethio Electric FC,Ethiopia Premier League,9/30/2024,0,0,0,0,0.25,HOME,0.25,1,PICK_EM,2.25,HW,0.5,1,UNDER_W,1.0,0.25,0.25,0.0,0,COVER,COVER,8,2,-1,-8,D,-2,-1,-21,-12,D,A,0.25,-25,A,1.0,-37,99,99,0,neutro,muy_neg,muy_neg,muy_neg,low,drop
2674705,Mekelakeya,Wolaita Dicha,Ethiopia Premier League,10/2/2024,3,1,4,2,0.5,HOME,0.5,2,MUST_WIN,2.0,W,1.0,1,OVER_W,1.0,0.5,0.5,0.0,0,COVER,COVER,-1,-3,2,9,L,2,-2,24,12,L,A,-0.5,10,A,0.0,-16,99,99,0,neutro,muy_pos,pos,neg,low,drop
2680718,Mekelle 70 Enderta FC,Mekelakeya,Ethiopia Premier League,10/19/2024,1,1,2,0,-0.5,AWAY,0.5,2,MUST_WIN,2.25,L,-1.0,-1,UNDER_HW,0.5,-0.5,-0.5,0.0,0,,,0,0,0,0,L,3,3,0,0,W,,,0,,,0,99,99,0,neutro,neutro,neutro,neutro,low,drop
2674790,Ethiopia Nigd Bank,Arba Minch,Ethiopia Premier League,10/3/2024,3,1,4,2,0.75,HOME,0.75,3,MUST_WIN,2.75,W,1.0,1,OVER_W,1.0,0.5,0.75,0.25,1,COVER,COVER,7,4,13,25,D,-8,-2,1,8,D,,,0,A,0.75,-8,99,99,0,pos,neutro,neutro,neg,mid,rise
2682023,Dire Dawa,Shire Endaselassie FC,Ethiopia Premier League,10/20/2024,1,1,2,0,0.0,HOME,0.0,0,PICK_EM,2.25,P,0.0,0,UNDER_HW,0.5,0.0,0.0,0.0,0,,,-2,2,-24,-12,W,4,5,-2,-9,D,A,0.25,-15,,,0,99,99,0,muy_neg,neutro,neg,neutro,low,drop
2674789,Welwalo Adigrat,Sidama Bunna,Ethiopia Premier League,10/3/2024,0,1,1,-1,-0.75,AWAY,0.75,3,MUST_WIN,2.25,L,-1.0,-1,UNDER_W,1.0,-0.75,-0.75,0.0,0,,NO_COVER,-2,-1,-12,-19,L,1,3,-2,-9,W,,,0,A,0.5,-59,99,99,0,neg,neutro,neutro,muy_neg,mid,drop
2680717,Hadiya Hossana,Hawassa City FC,Ethiopia Premier League,10/19/2024,1,2,3,-1,0.25,HOME,0.25,1,PICK_EM,2.25,L,-1.0,-1,OVER_W,1.0,0.0,0.25,0.25,1,COVER,COVER,3,-1,-15,-16,L,-7,-4,2,-9,L,A,0.25,24,A,0.5,0,99,99,0,neg,neutro,muy_pos,neutro,low,rise
2681383,Ethiopia Nigd Bank,Kedus Giorgis,Ethiopia Premier League,10/20/2024,2,3,5,-1,0.25,HOME,0.25,1,PICK_EM,2.25,L,-1.0,-1,OVER_W,1.0,0.0,0.25,0.25,1,NO_COVER,NO_COVER,5,3,11,2,W,-4,0,-53,-4,W,H,0.75,-22,,,0,99,99,0,pos,muy_neg,muy_neg,neutro,low,rise
2682170,Ethio Electric FC,Bahir Dar Kenema FC,Ethiopia Premier League,10/22/2024,1,0,1,1,-0.5,AWAY,0.5,2,MUST_WIN,2.0,W,1.0,1,UNDER_W,1.0,-0.5,-0.5,0.0,0,,,0,0,0,0,,2,1,12,19,W,,,0,,,0,99,99,0,neutro,pos,neutro,neutro,low,drop
2681989,Adama City,Fasil Kenema,Ethiopia Premier League,10/21/2024,1,1,2,0,0.0,HOME,0.0,0,PICK_EM,2.25,P,0.0,0,UNDER_HW,0.5,-0.25,0.0,0.25,1,PUSH,PUSH,4,0,3,20,L,4,4,-2,-1,W,H,-0.25,-59,H,0.25,-2,99,99,0,neutro,neutro,muy_neg,neutro,low,rise
2681988,Wolaita Dicha,Ethiopia Bunna,Ethiopia Premier League,10/21/2024,2,1,3,1,-0.75,AWAY,0.75,3,MUST_WIN,2.25,HW,0.5,1,OVER_W,1.0,0.0,-0.75,-0.75,-3,NO_COVER,NO_COVER,-1,-1,-29,-20,L,-1,-1,21,10,W,H,0.25,12,,,0,99,99,0,muy_neg,muy_pos,pos,neutro,mid,strong_drop
2682175,Sidama Bunna,Ethiopian Insurance FC,Ethiopia Premier League,10/22/2024,1,0,1,1,0.25,HOME,0.25,1,PICK_EM,1.75,W,1.0,1,UNDER_W,1.0,0.25,0.25,0.0,0,COVER,COVER,-1,-1,19,37,L,-2,2,16,10,W,H,0.0,53,H,0.25,-48,99,99,0,pos,pos,muy_pos,muy_neg,low,drop
2682459,Dire Dawa,Mekelle 70 Enderta FC,Ethiopia Premier League,10/24/2024,2,3,5,-1,0.25,HOME,0.25,1,PICK_EM,2.0,L,-1.0,-1,OVER_W,1.0,0.25,0.25,0.0,0,,,3,2,32,27,D,0,0,0,0,W,A,0.75,52,,,0,99,99,0,muy_pos,neutro,muy_pos,neutro,low,drop
2693230,Dire Dawa,Hawassa City FC,Ethiopia Premier League,11/23/2024,1,0,1,1,0.25,HOME,0.25,1,PICK_EM,2.25,W,1.0,1,UNDER_W,1.0,0.25,0.25,0.0,0,NO_COVER,NO_COVER,1,0,28,73,L,5,-1,26,10,L,H,0.25,65,A,0.25,-47,99,99,0,muy_pos,muy_pos,muy_pos,muy_neg,low,drop
2682460,Ethiopia Nigd Bank,Fasil Kenema,Ethiopia Premier League,10/24/2024,1,1,2,0,0.25,HOME,0.25,1,PICK_EM,2.25,HW,0.5,1,UNDER_HW,0.5,0.25,0.25,0.0,0,COVER,COVER,6,-1,14,29,L,6,3,60,66,D,H,0.5,-9,A,0.25,-2,99,99,0,pos,muy_pos,neg,neutro,low,drop
2682518,Adama City,Hawassa City FC,Ethiopia Premier League,10/25/2024,2,0,2,2,0.0,HOME,0.0,0,PICK_EM,2.25,W,1.0,1,UNDER_HW,0.5,0.25,0.0,-0.25,-1,COVER,COVER,-6,-3,-60,-66,D,-3,1,-47,-34,W,A,0.25,31,A,0.5,0,99,99,0,muy_neg,muy_neg,muy_pos,neutro,low,drop
2682519,Welwalo Adigrat,Mekelakeya,Ethiopia Premier League,10/25/2024,0,3,3,-3,-1.5,AWAY,1.5,6,WIN_BY_1,2.5,L,-1.0,-1,OVER_W,1.0,0.5,-1.5,-2.0,-8,NO_COVER,NO_COVER,-10,-6,-25,-11,L,7,4,0,2,D,,,0,H,0.75,-2,99,99,0,muy_neg,neutro,neutro,neutro,high,strong_drop
2683321,Kedus Giorgis,Ethiopian Insurance FC,Ethiopia Premier League,10/26/2024,0,0,0,0,0.5,HOME,0.5,2,MUST_WIN,2.0,W,1.0,1,UNDER_W,1.0,0.75,0.5,-0.25,-1,NO_COVER,NO_COVER,0,0,0,0,L,1,2,-25,-26,L,A,0.0,53,,,0,99,99,0,neutro,muy_neg,muy_pos,neutro,low,drop
2684142,Ethio Electric FC,Hadiya Hossana,Ethiopia Premier League,10/27/2024,0,0,0,0,0.0,HOME,0.0,0,PICK_EM,2.0,P,0.0,0,UNDER_W,1.0,0.0,0.0,0.0,0,,,0,0,0,0,,-5,-4,-3,-12,L,,,0,,,0,99,99,0,neutro,neutro,neutro,neutro,low,drop
2683326,Arba Minch,Bahir Dar Kenema FC,Ethiopia Premier League,10/26/2024,1,0,1,1,-0.75,AWAY,0.75,3,MUST_WIN,2.25,HW,0.5,1,UNDER_W,1.0,-0.25,-0.75,-0.5,-2,NO_COVER,NO_COVER,18,6,64,44,W,8,-1,50,31,L,,,0,,,0,99,99,0,muy_pos,muy_pos,neutro,neutro,mid,strong_drop
2684143,Wolaita Dicha,Shire Endaselassie FC,Ethiopia Premier League,10/27/2024,1,0,1,1,0.25,HOME,0.25,1,PICK_EM,2.0,W,1.0,1,UNDER_W,1.0,0.25,0.25,0.0,0,,,-2,2,13,9,W,-3,-2,-32,-27,D,A,0.0,-24,A,0.0,-8,99,99,0,pos,muy_neg,muy_neg,neg,low,drop
2683320,Sidama Bunna,Ethiopia Bunna,Ethiopia Premier League,10/26/2024,2,0,2,2,-0.25,AWAY,0.25,1,PICK_EM,2.25,W,1.0,1,UNDER_HW,0.5,0.0,-0.25,-0.25,-1,NO_COVER,NO_COVER,-1,-2,25,26,W,2,-2,-13,-9,L,H,0.0,16,H,0.25,25,99,99,0,muy_pos,neg,pos,muy_pos,low,drop
2685224,Bahir Dar Kenema FC,Sidama Bunna,Ethiopia Premier League,10/30/2024,2,0,2,2,0.0,HOME,0.0,0,PICK_EM,2.0,W,1.0,1,PUSH,0.0,0.5,0.0,-0.5,-2,NO_COVER,NO_COVER,5,4,3,12,W,10,6,25,11,W,A,-0.25,-12,A,0.0,-2,99,99,0,neutro,muy_pos,neg,neutro,low,strong_drop
2685082,Fasil Kenema,Arba Minch,Ethiopia Premier League,10/29/2024,0,1,1,-1,0.5,HOME,0.5,2,MUST_WIN,1.75,L,-1.0,-1,UNDER_W,1.0,0.5,0.5,0.0,0,COVER,COVER,-4,-5,2,9,D,-5,-3,-11,-2,L,A,0.25,37,,,0,99,99,0,neutro,neg,muy_pos,neutro,low,drop
2685083,Ethiopian Insurance FC,Welwalo Adigrat,Ethiopia Premier League,10/29/2024,1,0,1,1,0.25,HOME,0.25,1,PICK_EM,1.75,W,1.0,1,UNDER_W,1.0,0.25,0.25,0.0,0,,,6,-2,21,19,D,0,0,-25,-19,L,A,0.5,-27,A,-0.5,-2,99,99,0,muy_pos,muy_neg,muy_neg,neutro,low,drop
2685426,Ethiopia Bunna,Mekelle 70 Enderta FC,Ethiopia Premier League,10/31/2024,2,0,2,2,0.25,HOME,0.25,1,PICK_EM,2.0,W,1.0,1,PUSH,0.0,0.25,0.25,0.0,0,,,7,4,-2,9,W,-11,0,-42,-53,W,H,0.25,22,,,0,99,99,0,neutro,muy_neg,muy_pos,neutro,low,drop
2685785,Hawassa City FC,Ethio Electric FC,Ethiopia Premier League,11/1/2024,1,2,3,-1,0.25,HOME,0.25,1,PICK_EM,2.0,L,-1.0,-1,OVER_W,1.0,0.25,0.25,0.0,0,,,5,-1,15,17,D,0,0,0,0,,,,0,,,0,99,99,0,pos,neutro,neutro,neutro,low,drop
2685786,Dire Dawa,Adama City,Ethiopia Premier League,11/1/2024,1,1,2,0,0.25,HOME,0.25,1,PICK_EM,2.0,HW,0.5,1,PUSH,0.0,0.0,0.25,0.25,1,COVER,COVER,11,0,42,53,L,1,3,-9,-33,W,A,0.25,4,,,0,99,99,0,muy_pos,neg,neutro,neutro,low,rise
2685796,Mekelakeya,Ethiopia Nigd Bank,Ethiopia Premier League,10/31/2024,1,0,1,1,0.0,HOME,0.0,0,PICK_EM,2.0,W,1.0,1,UNDER_W,1.0,0.25,0.0,-0.25,-1,PUSH,PUSH,-5,0,3,5,W,0,0,0,0,W,A,-0.5,0,,,0,99,99,0,neutro,neutro,neutro,neutro,low,drop
2685225,Hadiya Hossana,Wolaita Dicha,Ethiopia Premier League,10/30/2024,0,1,1,-1,0.5,HOME,0.5,2,MUST_WIN,2.0,L,-1.0,-1,UNDER_W,1.0,0.25,0.5,0.25,1,COVER,COVER,3,-1,47,34,L,5,0,-3,-5,L,A,0.25,10,H,0.25,-69,99,99,0,muy_pos,neutro,pos,muy_neg,low,rise
2687052,Mekelakeya,Adama City,Ethiopia Premier League,11/4/2024,2,0,2,2,0.5,HOME,0.5,2,MUST_WIN,2.25,W,1.0,1,UNDER_HW,0.5,0.0,0.5,0.5,2,COVER,COVER,-6,0,-4,-30,W,2,1,-65,-68,D,,,0,A,0.5,9,99,99,0,neutro,muy_neg,neutro,pos,low,rise
2687051,Ethiopian Insurance FC,Mekelle 70 Enderta FC,Ethiopia Premier League,11/4/2024,4,0,4,4,0.25,HOME,0.25,1,PICK_EM,2.0,W,1.0,1,OVER_W,1.0,0.25,0.25,0.0,0,,,2,5,19,40,W,-6,0,0,-11,L,A,0.25,-25,,,0,99,99,0,pos,neutro,muy_neg,neutro,low,drop
2686578,Kedus Giorgis,Arba Minch,Ethiopia Premier League,11/3/2024,1,0,1,1,0.5,HOME,0.5,2,MUST_WIN,2.0,W,1.0,1,UNDER_W,1.0,0.75,0.5,-0.25,-1,COVER,COVER,0,2,-27,-23,D,1,2,-48,-54,W,H,0.25,2,A,0.0,1,99,99,0,muy_neg,muy_neg,neutro,neutro,low,drop
2686574,Bahir Dar Kenema FC,Wolaita Dicha,Ethiopia Premier League,11/3/2024,0,0,0,0,0.25,HOME,0.25,1,PICK_EM,2.0,HW,0.5,1,UNDER_W,1.0,0.5,0.25,-0.25,-1,COVER,COVER,-3,0,-8,-10,W,2,1,-25,-16,W,H,0.25,3,A,0.0,-16,99,99,0,neg,muy_neg,neutro,neg,low,drop
2687267,Fasil Kenema,Ethio Electric FC,Ethiopia Premier League,11/5/2024,2,3,5,-1,0.75,HOME,0.75,3,MUST_WIN,2.0,HL,-0.5,-1,OVER_W,1.0,1.25,0.75,-0.5,-2,COVER,COVER,-1,-2,48,54,L,2,0,9,-2,W,H,0.5,0,A,1.0,-37,99,99,0,muy_pos,pos,neutro,muy_neg,mid,strong_drop
2687269,Ethiopia Bunna,Shire Endaselassie FC,Ethiopia Premier League,11/5/2024,1,1,2,0,0.75,HOME,0.75,3,MUST_WIN,2.0,W,1.0,1,PUSH,0.0,0.0,0.75,0.75,3,COVER,COVER,6,0,0,11,W,-9,-1,-7,4,L,A,-0.75,13,,,0,99,99,0,neutro,neg,pos,neutro,mid,strong_rise
2687350,Welwalo Adigrat,Ethiopia Nigd Bank,Ethiopia Premier League,11/6/2024,1,2,3,-1,-1.25,AWAY,1.25,5,WIN_BY_1,2.25,L,-1.0,-1,OVER_W,1.0,-1.25,-1.25,0.0,0,,,-12,-4,-7,22,L,6,0,4,30,L,H,-1.5,-7,A,0.0,4,99,99,0,neg,neutro,neg,neutro,high,drop
2693443,Sidama Bunna,Kedus Giorgis,Ethiopia Premier League,11/24/2024,0,0,0,0,0.0,HOME,0.0,0,PICK_EM,2.0,P,0.0,0,UNDER_W,1.0,0.0,0.0,0.0,0,NO_COVER,NO_COVER,8,6,16,-20,W,-6,1,-14,-29,W,A,0.75,-22,,,0,99,99,0,pos,neg,muy_neg,neutro,low,drop
2693444,Adama City,Ethiopian Insurance FC,Ethiopia Premier League,11/24/2024,0,2,2,-2,-0.25,AWAY,0.25,1,PICK_EM,2.25,L,-1.0,-1,UNDER_HW,0.5,0.75,-0.25,-1.0,-4,NO_COVER,NO_COVER,-5,1,-26,-10,W,0,-2,27,23,D,H,-0.25,-59,H,0.25,-48,99,99,0,muy_neg,muy_pos,muy_neg,muy_neg,low,strong_drop
2693231,Arba Minch,Welwalo Adigrat,Ethiopia Premier League,11/23/2024,2,0,2,2,1.0,HOME,1.0,4,WIN_BY_1,2.0,W,1.0,1,PUSH,0.0,0.0,1.0,1.0,4,COVER,COVER,2,1,-16,3,W,-2,-5,-19,-40,L,A,0.0,-1,H,-0.25,12,99,99,0,neg,neg,neutro,pos,mid,strong_rise
2687351,Dire Dawa,Hadiya Hossana,Ethiopia Premier League,11/6/2024,0,1,1,-1,0.25,HOME,0.25,1,PICK_EM,2.0,L,-1.0,-1,UNDER_W,1.0,0.25,0.25,0.0,0,,NO_COVER,-2,-1,65,68,D,11,4,22,3,D,,,0,H,0.25,-31,99,99,0,muy_pos,muy_pos,neutro,muy_neg,low,drop
2693757,Hadiya Hossana,Ethiopia Bunna,Ethiopia Premier League,11/25/2024,1,0,1,1,0.25,HOME,0.25,1,PICK_EM,2.0,W,1.0,1,UNDER_W,1.0,0.25,0.25,0.0,0,NO_COVER,NO_COVER,-2,-1,25,16,L,-8,-6,-16,20,L,H,0.0,2,A,-0.75,-13,99,99,0,muy_pos,neg,neutro,neg,low,drop
2693948,Wolaita Dicha,Fasil Kenema,Ethiopia Premier League,11/26/2024,1,1,2,0,0.0,HOME,0.0,0,PICK_EM,2.0,P,0.0,0,PUSH,0.0,-0.5,0.0,0.5,2,COVER,COVER,9,1,7,-4,W,-1,-1,-37,-46,D,,,0,H,0.25,-2,99,99,0,pos,muy_neg,neutro,neutro,low,rise
2694160,Ethiopia Nigd Bank,Ethiopian Insurance FC,Ethiopia Premier League,11/28/2024,1,1,2,0,0.75,HOME,0.75,3,MUST_WIN,2.25,W,1.0,1,UNDER_HW,0.5,0.5,0.75,0.25,1,COVER,COVER,1,1,37,46,D,6,2,47,52,W,,,0,H,-0.5,-17,99,99,0,muy_pos,muy_pos,neutro,neg,mid,rise
2693760,Ethio Electric FC,Mekelakeya,Ethiopia Premier League,11/25/2024,1,1,2,0,-1.0,AWAY,1.0,4,WIN_BY_1,2.0,L,-1.0,-1,PUSH,0.0,0.0,-1.0,-1.0,-4,NO_COVER,NO_COVER,-11,-4,-22,-3,D,12,4,7,-22,W,,,0,H,0.25,-10,99,99,0,muy_neg,pos,neutro,neg,mid,strong_drop
2693949,Shire Endaselassie FC,Bahir Dar Kenema FC,Ethiopia Premier League,11/26/2024,0,2,2,-2,0.25,HOME,0.25,1,PICK_EM,2.0,L,-1.0,-1,PUSH,0.0,0.25,0.25,0.0,0,,,-4,-1,12,7,D,-2,-1,16,-3,L,,,0,H,0.25,-3,99,99,0,pos,pos,neutro,neutro,low,drop
2694657,Mekelle 70 Enderta FC,Bahir Dar Kenema FC,Ethiopia Premier League,11/30/2024,1,1,2,0,-0.5,AWAY,0.5,2,MUST_WIN,2.0,L,-1.0,-1,PUSH,0.0,-0.5,-0.5,0.0,0,,,-7,-4,0,-2,D,8,3,26,-6,W,,,0,A,0.25,32,99,99,0,neutro,muy_pos,neutro,muy_pos,low,drop
2694312,Adama City,Ethiopia Bunna,Ethiopia Premier League,11/29/2024,2,1,3,1,-0.25,AWAY,0.25,1,PICK_EM,2.25,W,1.0,1,OVER_W,1.0,0.25,-0.25,-0.5,-2,COVER,COVER,-6,-2,-47,-52,L,7,-3,43,48,L,A,0.25,31,,,0,99,99,0,muy_neg,muy_pos,muy_pos,neutro,low,strong_drop
2694159,Dire Dawa,Ethio Electric FC,Ethiopia Premier League,11/28/2024,0,0,0,0,0.0,HOME,0.0,0,PICK_EM,2.0,P,0.0,0,UNDER_W,1.0,0.25,0.0,-0.25,-1,COVER,COVER,3,2,29,7,W,-1,1,24,11,W,A,0.25,-15,A,0.25,9,99,99,0,muy_pos,muy_pos,neg,pos,low,drop
2694320,Arba Minch,Mekelakeya,Ethiopia Premier League,11/29/2024,1,3,4,-2,-0.25,AWAY,0.25,1,PICK_EM,2.25,L,-1.0,-1,OVER_W,1.0,0.0,-0.25,-0.25,-1,COVER,COVER,0,0,-5,-15,W,4,0,25,31,D,H,1.0,37,A,-1.5,7,99,99,0,neutro,muy_pos,muy_pos,pos,low,drop
2695581,Wolaita Dicha,Hawassa City FC,Ethiopia Premier League,12/1/2024,1,1,2,0,0.0,HOME,0.0,0,PICK_EM,2.0,P,0.0,0,PUSH,0.0,0.25,0.0,-0.25,-1,NO_COVER,NO_COVER,-3,-1,-15,-8,D,-3,-2,-29,-7,L,A,0.0,-24,A,0.5,0,99,99,0,neg,muy_neg,muy_neg,neutro,low,drop
2695585,Shire Endaselassie FC,Hadiya Hossana,Ethiopia Premier League,12/1/2024,0,1,1,-1,0.0,HOME,0.0,0,PICK_EM,1.75,L,-1.0,-1,UNDER_W,1.0,1.25,0.0,-1.25,-5,PUSH,PUSH,-8,-3,-26,6,L,-1,0,-28,-73,W,A,0.0,32,A,0.25,-3,99,99,0,muy_neg,muy_neg,muy_pos,neutro,low,strong_drop
2694658,Sidama Bunna,Fasil Kenema,Ethiopia Premier League,11/30/2024,0,1,1,-1,0.0,HOME,0.0,0,PICK_EM,2.0,L,-1.0,-1,UNDER_W,1.0,-0.25,0.0,0.25,1,NO_COVER,NO_COVER,-5,0,-3,13,D,3,1,15,8,D,H,0.0,16,A,0.25,-2,99,99,0,neutro,pos,pos,neutro,low,rise
2696295,Mekelakeya,Kedus Giorgis,Ethiopia Premier League,12/3/2024,4,3,7,1,0.0,HOME,0.0,0,PICK_EM,2.25,W,1.0,1,OVER_W,1.0,0.0,0.0,0.0,0,PUSH,PUSH,4,4,17,-10,W,5,0,3,-13,D,H,0.75,2,A,-0.25,59,99,99,0,pos,neutro,neutro,muy_pos,low,drop
2696570,Hawassa City FC,Mekelle 70 Enderta FC,Ethiopia Premier League,12/5/2024,0,0,0,0,0.0,HOME,0.0,0,PICK_EM,2.0,P,0.0,0,UNDER_W,1.0,0.0,0.0,0.0,0,,,-2,0,-9,2,L,-6,-2,-3,-26,L,A,0.25,48,,,0,99,99,0,neg,neutro,muy_pos,neutro,low,drop
2696294,Dire Dawa,Sidama Bunna,Ethiopia Premier League,12/3/2024,3,1,4,2,0.0,HOME,0.0,0,PICK_EM,2.25,W,1.0,1,OVER_W,1.0,-0.25,0.0,0.25,1,COVER,COVER,3,4,49,20,D,3,0,8,10,L,A,0.25,4,,,0,99,99,0,muy_pos,pos,neutro,neutro,low,rise
2696571,Fasil Kenema,Welwalo Adigrat,Ethiopia Premier League,12/5/2024,1,0,1,1,0.5,HOME,0.5,2,MUST_WIN,2.0,W,1.0,1,UNDER_W,1.0,1.25,0.5,-0.75,-3,COVER,COVER,1,-1,-24,-11,L,0,0,5,15,L,H,0.5,48,,,0,99,99,0,muy_neg,neutro,muy_pos,neutro,low,strong_drop
2696515,Bahir Dar Kenema FC,Ethiopia Nigd Bank,Ethiopia Premier League,12/4/2024,3,0,3,3,0.0,HOME,0.0,0,PICK_EM,2.0,W,1.0,1,OVER_W,1.0,-0.25,0.0,0.25,1,NO_COVER,NO_COVER,-4,0,9,-2,D,2,3,30,10,W,A,-0.25,-12,,,0,99,99,0,pos,muy_pos,neg,neutro,low,rise
2696517,Ethiopia Bunna,Arba Minch,Ethiopia Premier League,12/4/2024,2,0,2,2,0.5,HOME,0.5,2,MUST_WIN,2.0,W,1.0,1,PUSH,0.0,0.25,0.5,0.25,1,COVER,COVER,0,-1,23,16,D,-2,-1,-3,0,L,,,0,,,0,99,99,0,muy_pos,neutro,neutro,neutro,low,rise
2696671,Hadiya Hossana,Adama City,Ethiopia Premier League,12/6/2024,2,0,2,2,0.25,HOME,0.25,1,PICK_EM,2.0,W,1.0,1,PUSH,0.0,0.25,0.25,0.0,0,COVER,COVER,-7,3,-43,-48,W,-4,-4,-17,10,L,A,0.25,10,H,-0.25,60,99,99,0,muy_neg,neg,pos,muy_pos,low,drop
2696672,Shire Endaselassie FC,Ethio Electric FC,Ethiopia Premier League,12/6/2024,0,0,0,0,-0.5,AWAY,0.5,2,MUST_WIN,2.0,L,-1.0,-1,UNDER_W,1.0,-0.5,-0.5,0.0,0,,,-4,-1,4,15,L,-3,-4,-49,-20,D,A,0.0,32,H,0.0,22,99,99,0,neutro,muy_neg,muy_pos,muy_pos,low,drop
2698597,Hadiya Hossana,Sidama Bunna,Ethiopia Premier League,12/9/2024,3,2,5,1,0.25,HOME,0.25,1,PICK_EM,2.0,W,1.0,1,OVER_W,1.0,0.0,0.25,0.25,1,NO_COVER,NO_COVER,-4,0,-24,-43,W,2,0,70,16,L,A,0.25,28,A,0.25,45,99,99,0,muy_neg,muy_pos,muy_pos,muy_pos,low,rise
2698367,Dire Dawa,Ethiopia Nigd Bank,Ethiopia Premier League,12/8/2024,0,0,0,0,0.0,HOME,0.0,0,PICK_EM,2.0,P,0.0,0,UNDER_W,1.0,0.25,0.0,-0.25,-1,NO_COVER,NO_COVER,-2,0,-70,-16,W,-3,-2,25,54,L,A,0.25,4,H,0.75,22,99,99,0,muy_neg,muy_pos,neutro,muy_pos,low,drop
2698596,Bahir Dar Kenema FC,Kedus Giorgis,Ethiopia Premier League,12/9/2024,0,0,0,0,0.25,HOME,0.25,1,PICK_EM,2.0,HW,0.5,1,UNDER_W,1.0,0.0,0.25,0.25,1,COVER,COVER,3,2,-25,-54,W,-5,-1,1,-10,L,A,0.25,-32,A,0.25,-14,99,99,0,muy_neg,neutro,muy_neg,neg,low,rise
2698371,Hawassa City FC,Arba Minch,Ethiopia Premier League,12/8/2024,0,1,1,-1,0.25,HOME,0.25,1,PICK_EM,2.0,L,-1.0,-1,UNDER_W,1.0,0.0,0.25,0.25,1,COVER,COVER,14,2,36,13,D,-7,-2,8,18,L,A,0.5,-2,,,0,99,99,0,muy_pos,pos,neutro,neutro,low,rise
2698738,Wolaita Dicha,Adama City,Ethiopia Premier League,12/10/2024,2,2,4,0,0.25,HOME,0.25,1,PICK_EM,2.0,HW,0.5,1,OVER_W,1.0,0.0,0.25,0.25,1,NO_COVER,NO_COVER,-5,0,13,17,D,4,0,24,43,L,A,0.5,25,H,0.0,26,99,99,0,pos,muy_pos,muy_pos,muy_pos,low,rise
2698842,Shire Endaselassie FC,Mekelle 70 Enderta FC,Ethiopia Premier League,12/11/2024,1,0,1,1,0.0,HOME,0.0,0,PICK_EM,2.0,W,1.0,1,UNDER_W,1.0,0.0,0.0,0.0,0,,,0,0,5,15,D,-14,-2,-36,-13,D,A,0.25,15,,,0,99,99,0,neutro,muy_neg,pos,neutro,low,drop
2698841,Mekelakeya,Ethiopian Insurance FC,Ethiopia Premier League,12/11/2024,0,0,0,0,0.75,HOME,0.75,3,MUST_WIN,2.25,W,1.0,1,UNDER_W,1.0,1.0,0.75,-0.25,-1,NO_COVER,NO_COVER,5,1,-1,10,W,0,-1,-24,-23,D,H,0.0,-4,A,0.5,27,99,99,0,neutro,muy_neg,neutro,muy_pos,mid,drop
2698730,Ethiopia Bunna,Welwalo Adigrat,Ethiopia Premier League,12/10/2024,0,0,0,0,1.0,HOME,1.0,4,WIN_BY_1,2.0,W,1.0,1,UNDER_W,1.0,0.0,1.0,1.0,4,COVER,COVER,7,2,-8,-18,W,-4,-4,-7,-8,L,H,0.0,21,A,1.0,5,99,99,0,neg,neg,muy_pos,neutro,mid,strong_rise
2709507,Fasil Kenema,Hawassa City FC,Ethiopia Premier League,1/3/2025,0,0,0,0,0.5,HOME,0.5,2,MUST_WIN,2.0,W,1.0,1,UNDER_W,1.0,0.5,0.5,0.0,0,COVER,COVER,4,4,7,8,W,5,0,-13,-17,D,A,0.0,-15,,,0,99,99,0,pos,neg,neg,neutro,low,drop
2709704,Kedus Giorgis,Ethio Electric FC,Ethiopia Premier League,1/4/2025,2,1,3,1,0.0,HOME,0.0,0,PICK_EM,1.75,W,1.0,1,OVER_W,1.0,1.5,0.0,-1.5,-6,COVER,COVER,2,1,3,0,W,0,0,-5,-15,D,,,0,A,1.0,-37,99,99,0,neutro,neutro,neutro,muy_neg,low,strong_drop
2709506,Arba Minch,Sidama Bunna,Ethiopia Premier League,1/3/2025,0,1,1,-1,0.0,HOME,0.0,0,PICK_EM,2.0,L,-1.0,-1,UNDER_W,1.0,0.25,0.0,-0.25,-1,PUSH,PUSH,0,-1,18,18,L,0,-1,23,11,L,,,0,A,0.75,-2,99,99,0,pos,muy_pos,neutro,neutro,low,drop
2709703,Bahir Dar Kenema FC,Dire Dawa,Ethiopia Premier League,1/4/2025,1,1,2,0,0.25,HOME,0.25,1,PICK_EM,1.75,HW,0.5,1,OVER_HW,0.5,0.25,0.25,0.0,0,COVER,COVER,-1,2,10,0,D,-9,-1,-4,2,L,,,0,,,0,99,99,0,pos,neutro,neutro,neutro,low,drop
2711231,Adama City,Welwalo Adigrat,Ethiopia Premier League,1/5/2025,3,0,3,3,0.75,HOME,0.75,3,MUST_WIN,2.25,W,1.0,1,OVER_W,1.0,0.5,0.75,0.25,1,COVER,COVER,-4,0,-60,-22,W,-8,0,-40,-35,D,H,-0.25,-60,A,1.0,-40,99,99,0,muy_neg,muy_neg,muy_neg,muy_neg,mid,rise
2711230,Ethiopia Nigd Bank,Mekelle 70 Enderta FC,Ethiopia Premier League,1/5/2025,0,0,0,0,0.25,HOME,0.25,1,PICK_EM,2.0,HW,0.5,1,UNDER_W,1.0,0.25,0.25,0.0,0,,,0,1,24,23,D,0,0,36,56,L,,,0,A,0.25,-3,99,99,0,muy_pos,muy_pos,neutro,neutro,low,drop
2712292,Ethiopian Insurance FC,Shire Endaselassie FC,Ethiopia Premier League,1/6/2025,3,1,4,2,0.75,HOME,0.75,3,MUST_WIN,1.75,W,1.0,1,OVER_W,1.0,0.75,0.75,0.0,0,,,6,2,3,26,W,0,1,-23,-16,D,,,0,H,0.0,36,99,99,0,neutro,muy_neg,neutro,muy_pos,mid,drop
2712291,Mekelakeya,Hadiya Hossana,Ethiopia Premier League,1/6/2025,0,1,1,-1,0.5,HOME,0.5,2,MUST_WIN,2.0,L,-1.0,-1,UNDER_W,1.0,0.25,0.5,0.25,1,NO_COVER,NO_COVER,-2,-1,-11,-34,D,4,1,-4,-15,W,,,0,,,0,99,99,0,neg,neutro,neutro,neutro,low,rise
2713983,Hawassa City FC,Bahir Dar Kenema FC,Ethiopia Premier League,1/8/2025,0,1,1,-1,-0.75,AWAY,0.75,3,MUST_WIN,2.0,L,-1.0,-1,UNDER_W,1.0,-0.75,-0.75,0.0,0,,NO_COVER,0,-3,25,-13,L,7,2,51,37,D,H,0.0,36,A,-0.75,16,99,99,0,muy_pos,muy_pos,muy_pos,pos,mid,drop
2713984,Dire Dawa,Ethiopia Bunna,Ethiopia Premier League,1/8/2025,0,0,0,0,0.25,HOME,0.25,1,PICK_EM,1.75,HW,0.5,1,UNDER_W,1.0,-0.25,0.25,0.5,2,NO_COVER,NO_COVER,-1,0,13,33,D,4,0,60,22,L,H,0.25,65,H,-0.25,-43,99,99,0,pos,muy_pos,muy_pos,muy_neg,low,rise
2714299,Adama City,Kedus Giorgis,Ethiopia Premier League,1/9/2025,1,2,3,-1,0.25,HOME,0.25,1,PICK_EM,2.0,L,-1.0,-1,OVER_W,1.0,-0.25,0.25,0.5,2,COVER,COVER,6,4,-13,-8,W,1,-2,-10,0,D,A,0.5,9,H,0.5,-25,99,99,0,neg,neg,pos,muy_neg,low,rise
2714298,Mekelle 70 Enderta FC,Welwalo Adigrat,Ethiopia Premier League,1/9/2025,1,0,1,1,0.5,HOME,0.5,2,MUST_WIN,1.75,W,1.0,1,UNDER_W,1.0,0.5,0.5,0.0,0,,,-7,-2,-51,-37,D,-6,-4,13,8,L,,,0,H,-0.25,12,99,99,0,muy_neg,pos,neutro,pos,low,drop
2714564,Shire Endaselassie FC,Mekelakeya,Ethiopia Premier League,1/10/2025,1,2,3,-1,0.0,HOME,0.0,0,PICK_EM,2.25,L,-1.0,-1,OVER_W,1.0,0.0,0.0,0.0,0,,,0,0,-36,-56,W,0,1,-18,-18,W,,,0,A,-0.5,0,99,99,0,muy_neg,neg,neutro,neutro,low,drop
2714565,Sidama Bunna,Ethiopia Nigd Bank,Ethiopia Premier League,1/10/2025,1,1,2,0,0.25,HOME,0.25,1,PICK_EM,2.0,HW,0.5,1,PUSH,0.0,-0.25,0.25,0.5,2,COVER,COVER,4,-1,33,23,L,1,0,-13,-33,D,A,0.0,-70,H,0.25,-37,99,99,0,muy_pos,neg,muy_neg,muy_neg,low,rise
2714571,Hadiya Hossana,Fasil Kenema,Ethiopia Premier League,1/11/2025,1,1,2,0,0.25,HOME,0.25,1,PICK_EM,1.75,HW,0.5,1,OVER_HW,0.5,0.0,0.25,0.25,1,NO_COVER,NO_COVER,0,1,-23,-11,W,-4,1,-33,-23,W,H,0.25,-23,A,0.0,-33,99,99,0,muy_neg,muy_neg,muy_neg,muy_neg,low,rise
2714572,Wolaita Dicha,Ethiopian Insurance FC,Ethiopia Premier League,1/11/2025,1,2,3,-1,0.0,HOME,0.0,0,PICK_EM,1.75,L,-1.0,-1,OVER_W,1.0,0.25,0.0,-0.25,-1,PUSH,PUSH,5,2,74,56,D,2,1,11,34,D,A,0.5,3,A,-0.25,47,99,99,0,muy_pos,pos,neutro,muy_pos,low,drop
2717141,Kedus Giorgis,Shire Endaselassie FC,Ethiopia Premier League,1/13/2025,1,0,1,1,0.5,HOME,0.5,2,MUST_WIN,2.0,W,1.0,1,UNDER_W,1.0,0.5,0.5,0.0,0,,,-8,0,-39,-41,W,-5,-3,-30,-14,L,H,0.5,-27,H,-0.5,-5,99,99,0,muy_neg,muy_neg,muy_neg,neutro,low,drop
2717142,Arba Minch,Adama City,Ethiopia Premier League,1/13/2025,2,0,2,2,0.0,HOME,0.0,0,PICK_EM,2.0,W,1.0,1,PUSH,0.0,0.25,0.0,-0.25,-1,COVER,COVER,-3,-2,-23,-21,L,-5,-2,-74,-56,D,H,-0.25,45,H,0.25,45,99,99,0,muy_neg,muy_neg,muy_pos,muy_pos,low,drop
2717608,Welwalo Adigrat,Wolaita Dicha,Ethiopia Premier League,1/15/2025,0,2,2,-2,-0.75,AWAY,0.75,3,MUST_WIN,2.25,L,-1.0,-1,UNDER_HW,0.5,0.25,-0.75,-1.0,-4,COVER,COVER,-2,-3,-30,-10,L,4,0,-9,2,D,H,-0.25,-12,,,0,99,99,0,muy_neg,neg,neg,neutro,mid,strong_drop
2717607,Sidama Bunna,Mekelle 70 Enderta FC,Ethiopia Premier League,1/15/2025,0,0,0,0,0.25,HOME,0.25,1,PICK_EM,2.0,HW,0.5,1,UNDER_W,1.0,0.25,0.25,0.0,0,,,-1,-1,26,35,D,-10,0,-29,-16,D,H,0.25,26,A,0.25,-29,99,99,0,muy_pos,muy_neg,muy_pos,muy_neg,low,drop
2717522,Mekelakeya,Dire Dawa,Ethiopia Premier League,1/14/2025,0,0,0,0,0.25,HOME,0.25,1,PICK_EM,2.25,HW,0.5,1,UNDER_W,1.0,0.5,0.25,-0.25,-1,COVER,COVER,2,-2,37,27,L,-5,-1,-30,-8,D,,,0,H,0.25,-28,99,99,0,muy_pos,muy_neg,neutro,muy_neg,low,drop
2717520,Ethiopia Nigd Bank,Ethio Electric FC,Ethiopia Premier League,1/14/2025,1,0,1,1,0.25,HOME,0.25,1,PICK_EM,2.0,W,1.0,1,UNDER_W,1.0,0.5,0.25,-0.25,-1,COVER,COVER,10,0,29,16,D,8,0,39,41,L,H,0.25,14,,,0,99,99,0,muy_pos,muy_pos,pos,neutro,low,drop
2717764,Ethiopian Insurance FC,Hawassa City FC,Ethiopia Premier League,1/16/2025,2,0,2,2,0.5,HOME,0.5,2,MUST_WIN,2.0,W,1.0,1,PUSH,0.0,0.25,0.5,0.25,1,COVER,COVER,5,3,30,14,W,1,0,-38,-47,D,H,-0.5,17,H,0.25,-15,99,99,0,muy_pos,muy_neg,pos,neg,low,rise
2717763,Fasil Kenema,Ethiopia Bunna,Ethiopia Premier League,1/16/2025,0,1,1,-1,0.0,HOME,0.0,0,PICK_EM,1.75,L,-1.0,-1,UNDER_W,1.0,0.25,0.0,-0.25,-1,COVER,COVER,-1,0,38,47,D,5,5,30,9,D,H,0.25,-15,H,0.5,2,99,99,0,muy_pos,muy_pos,neg,neutro,low,drop
2718783,Shire Endaselassie FC,Arba Minch,Ethiopia Premier League,1/18/2025,0,1,1,-1,0.0,HOME,0.0,0,PICK_EM,1.5,L,-1.0,-1,UNDER_W,1.0,0.0,0.0,0.0,0,,,-7,-5,-12,7,L,0,3,-25,13,W,A,0.25,15,H,-0.25,-18,99,99,0,neg,muy_neg,pos,neg,low,drop
2719266,Ethio Electric FC,Mekelle 70 Enderta FC,Ethiopia Premier League,1/19/2025,0,1,1,-1,0.0,HOME,0.0,0,PICK_EM,1.75,L,-1.0,-1,UNDER_W,1.0,0.0,0.0,0.0,0,,,-4,0,-25,-31,D,-8,-3,-41,-39,D,,,0,H,-0.5,0,99,99,0,muy_neg,muy_neg,neutro,neutro,low,drop
2718782,Dire Dawa,Kedus Giorgis,Ethiopia Premier League,1/18/2025,0,2,2,-2,0.0,HOME,0.0,0,PICK_EM,1.75,L,-1.0,-1,OVER_HW,0.5,-1.0,0.0,1.0,4,NO_COVER,NO_COVER,-5,-5,-30,-9,D,4,3,5,-1,W,H,0.25,65,,,0,99,99,0,muy_neg,neutro,muy_pos,neutro,low,strong_rise
2719267,Wolaita Dicha,Sidama Bunna,Ethiopia Premier League,1/19/2025,0,0,0,0,0.0,HOME,0.0,0,PICK_EM,2.0,P,0.0,0,UNDER_W,1.0,0.5,0.0,-0.5,-2,NO_COVER,NO_COVER,-1,-1,-15,-35,L,3,2,23,21,W,,,0,H,0.25,-25,99,99,0,neg,muy_pos,neutro,muy_neg,low,strong_drop
2720331,Bahir Dar Kenema FC,Ethiopian Insurance FC,Ethiopia Premier League,1/20/2025,0,1,1,-1,0.0,HOME,0.0,0,PICK_EM,1.75,L,-1.0,-1,UNDER_W,1.0,0.75,0.0,-0.75,-3,PUSH,PUSH,5,1,30,8,D,1,1,15,35,W,H,0.25,9,,,0,99,99,0,muy_pos,pos,pos,neutro,low,strong_drop
2720328,Hadiya Hossana,Ethiopia Nigd Bank,Ethiopia Premier League,1/20/2025,1,0,1,1,0.25,HOME,0.25,1,PICK_EM,2.0,W,1.0,1,UNDER_W,1.0,-0.25,0.25,0.5,2,COVER,COVER,4,1,-14,-28,D,1,1,-26,-35,D,H,0.25,-23,H,0.25,-37,99,99,0,neg,muy_neg,muy_neg,muy_neg,low,rise
2721421,Mekelle 70 Enderta FC,Adama City,Ethiopia Premier League,1/24/2025,2,0,2,2,0.25,HOME,0.25,1,PICK_EM,2.25,W,1.0,1,UNDER_HW,0.5,0.25,0.25,0.0,0,,,2,1,-22,-24,W,-1,-2,13,20,L,,,0,H,0.75,13,99,99,0,muy_neg,pos,neutro,pos,low,drop
2721079,Fasil Kenema,Mekelakeya,Ethiopia Premier League,1/21/2025,1,1,2,0,-0.5,AWAY,0.5,2,MUST_WIN,1.75,L,-1.0,-1,OVER_HW,0.5,-0.5,-0.5,0.0,0,,NO_COVER,-5,-3,17,8,L,7,5,12,-7,W,H,0.25,2,A,0.0,-21,99,99,0,pos,pos,neutro,muy_neg,low,drop
2721414,Arba Minch,Wolaita Dicha,Ethiopia Premier League,1/23/2025,2,1,3,1,0.0,HOME,0.0,0,PICK_EM,2.25,W,1.0,1,OVER_W,1.0,-0.25,0.0,0.25,1,PUSH,PUSH,1,2,-13,-20,W,3,2,0,3,W,H,1.0,-5,H,0.25,-74,99,99,0,neg,neutro,neutro,muy_neg,low,rise
2721083,Hawassa City FC,Welwalo Adigrat,Ethiopia Premier League,1/21/2025,1,1,2,0,0.75,HOME,0.75,3,MUST_WIN,1.75,W,1.0,1,OVER_HW,0.5,0.75,0.75,0.0,0,COVER,COVER,-9,-1,-34,-22,L,-2,-1,22,24,L,H,0.0,36,H,-0.25,12,99,99,0,muy_neg,muy_pos,muy_pos,pos,mid,drop
2721415,Ethiopia Nigd Bank,Shire Endaselassie FC,Ethiopia Premier League,1/23/2025,1,1,2,0,0.25,HOME,0.25,1,PICK_EM,2.0,HW,0.5,1,PUSH,0.0,0.25,0.25,0.0,0,,,1,1,-58,-15,W,-2,-4,3,14,L,H,0.25,14,H,-0.5,-5,99,99,0,muy_neg,neutro,pos,neutro,low,drop
2723051,Mekelakeya,Bahir Dar Kenema FC,Ethiopia Premier League,1/25/2025,1,1,2,0,0.25,HOME,0.25,1,PICK_EM,2.0,HW,0.5,1,PUSH,0.0,0.25,0.25,0.0,0,NO_COVER,NO_COVER,2,-1,25,2,D,9,1,34,22,W,A,-0.5,-15,H,0.25,-30,99,99,0,muy_pos,muy_pos,neg,muy_neg,low,drop
2724097,Welwalo Adigrat,Hadiya Hossana,Ethiopia Premier League,1/26/2025,1,0,1,1,-1.75,AWAY,1.75,7,WIN_BY_1,2.5,L,-1.0,-1,UNDER_W,1.0,0.75,-1.75,-2.5,-10,NO_COVER,NO_COVER,-3,-2,0,-3,L,-2,2,-37,-27,W,H,-1.5,-7,H,0.5,-25,99,99,0,neutro,muy_neg,neg,muy_neg,very_high,strong_drop
2723050,Kedus Giorgis,Hawassa City FC,Ethiopia Premier League,1/25/2025,1,1,2,0,1.0,HOME,1.0,4,WIN_BY_1,2.25,W,1.0,1,UNDER_HW,0.5,1.25,1.0,-0.25,-1,PUSH,PUSH,2,4,-3,-14,W,-6,-3,-13,-23,L,H,0.5,-27,H,0.25,-15,99,99,0,neutro,neg,muy_neg,neg,mid,drop
2721422,Ethiopian Insurance FC,Ethiopia Bunna,Ethiopia Premier League,1/24/2025,1,0,1,1,0.75,HOME,0.75,3,MUST_WIN,2.0,W,1.0,1,UNDER_W,1.0,0.75,0.75,0.0,0,,,6,3,13,23,W,5,3,-17,-8,W,H,0.0,-17,H,0.5,2,99,99,0,pos,neg,neg,neutro,mid,drop
2724098,Sidama Bunna,Ethio Electric FC,Ethiopia Premier League,1/26/2025,0,2,2,-2,0.25,HOME,0.25,1,PICK_EM,2.0,L,-1.0,-1,PUSH,0.0,0.75,0.25,-0.5,-2,COVER,COVER,8,3,41,39,D,-1,-1,58,15,L,H,0.25,26,H,0.0,-62,99,99,0,muy_pos,muy_pos,muy_pos,muy_neg,low,strong_drop
2725763,Mekelle 70 Enderta FC,Arba Minch,Ethiopia Premier League,1/28/2025,2,2,4,0,0.25,HOME,0.25,1,PICK_EM,1.75,HW,0.5,1,OVER_W,1.0,0.25,0.25,0.0,0,,,-4,-3,-33,-31,W,-5,2,-22,-5,W,A,0.0,-36,H,0.0,13,99,99,0,muy_neg,muy_neg,muy_neg,pos,low,drop
2725932,Wolaita Dicha,Kedus Giorgis,Ethiopia Premier League,1/29/2025,0,2,2,-2,0.0,HOME,0.0,0,PICK_EM,2.0,L,-1.0,-1,PUSH,0.0,-0.5,0.0,0.5,2,COVER,COVER,0,0,17,10,D,-1,2,-3,-8,W,A,0.0,-24,A,0.0,3,99,99,0,pos,neutro,muy_neg,neutro,low,rise
2725769,Adama City,Ethiopia Nigd Bank,Ethiopia Premier League,1/28/2025,0,2,2,-2,-0.25,AWAY,0.25,1,PICK_EM,2.0,L,-1.0,-1,PUSH,0.0,0.75,-0.25,-1.0,-4,NO_COVER,NO_COVER,-4,-3,-5,1,L,0,-1,15,20,L,A,0.25,-24,H,0.25,-14,99,99,0,neutro,pos,muy_neg,neg,low,strong_drop
2726044,Ethio Electric FC,Welwalo Adigrat,Ethiopia Premier League,1/30/2025,1,1,2,0,0.75,HOME,0.75,3,MUST_WIN,2.0,W,1.0,1,PUSH,0.0,-0.5,0.75,1.25,5,NO_COVER,NO_COVER,1,0,62,48,L,-1,0,13,12,D,A,0.25,-9,A,0.5,22,99,99,0,muy_pos,pos,neg,muy_pos,mid,strong_rise
2725934,Ethiopia Bunna,Bahir Dar Kenema FC,Ethiopia Premier League,1/29/2025,3,1,4,2,0.0,HOME,0.0,0,PICK_EM,1.25,W,1.0,1,OVER_W,1.0,-0.25,0.0,0.25,1,PUSH,PUSH,8,0,40,35,D,3,3,17,11,D,H,0.0,21,A,-0.25,12,99,99,0,muy_pos,pos,muy_pos,pos,low,rise
2726038,Hawassa City FC,Mekelakeya,Ethiopia Premier League,1/30/2025,1,0,1,1,-0.75,AWAY,0.75,3,MUST_WIN,2.0,HW,0.5,1,UNDER_W,1.0,-0.5,-0.75,-0.25,-1,NO_COVER,NO_COVER,1,0,-13,-12,D,1,1,24,13,D,A,0.5,38,A,-1.5,7,99,99,0,neg,muy_pos,muy_pos,pos,mid,drop
2726451,Hadiya Hossana,Ethiopian Insurance FC,Ethiopia Premier League,1/31/2025,0,1,1,-1,-0.25,AWAY,0.25,1,PICK_EM,2.0,L,-1.0,-1,UNDER_W,1.0,0.0,-0.25,-0.25,-1,NO_COVER,NO_COVER,0,1,-15,-20,W,2,1,-6,24,W,A,0.25,3,A,0.75,-24,99,99,0,neg,neg,neutro,muy_neg,low,drop
2726443,Dire Dawa,Fasil Kenema,Ethiopia Premier League,1/31/2025,1,2,3,-1,0.0,HOME,0.0,0,PICK_EM,2.0,L,-1.0,-1,OVER_W,1.0,-0.5,0.0,0.5,2,NO_COVER,NO_COVER,1,-2,3,8,L,-4,-1,14,28,D,H,0.25,28,A,0.25,-2,99,99,0,neutro,pos,muy_pos,neutro,low,rise
2727645,Kedus Giorgis,Ethiopia Bunna,Ethiopia Premier League,2/2/2025,0,0,0,0,0.25,HOME,0.25,1,PICK_EM,2.0,HW,0.5,1,UNDER_W,1.0,0.25,0.25,0.0,0,COVER,COVER,2,0,13,-18,D,1,0,-14,-20,L,H,0.5,-27,H,0.5,2,99,99,0,pos,neg,muy_neg,neutro,low,drop
2728189,Adama City,Ethio Electric FC,Ethiopia Premier League,2/3/2025,0,3,3,-3,0.0,HOME,0.0,0,PICK_EM,2.0,L,-1.0,-1,OVER_W,1.0,0.75,0.0,-0.75,-3,COVER,COVER,-2,-4,-17,-30,L,-7,-1,-28,-50,W,H,0.25,-45,A,0.25,58,99,99,0,neg,muy_neg,muy_neg,muy_pos,low,strong_drop
2727641,Sidama Bunna,Shire Endaselassie FC,Ethiopia Premier League,2/2/2025,1,0,1,1,0.25,HOME,0.25,1,PICK_EM,2.0,W,1.0,1,UNDER_W,1.0,1.0,0.25,-0.75,-3,COVER,COVER,7,1,28,50,L,-8,-2,-36,-31,D,H,0.25,26,H,-0.5,-5,99,99,0,muy_pos,muy_neg,muy_pos,neutro,low,strong_drop
2728190,Welwalo Adigrat,Dire Dawa,Ethiopia Premier League,2/3/2025,1,1,2,0,-0.25,AWAY,0.25,1,PICK_EM,2.0,HL,-0.5,-1,PUSH,0.0,-0.25,-0.25,0.0,0,,,-1,2,-22,-12,W,-2,1,-25,-2,D,H,-1.5,-7,H,0.25,-28,99,99,0,muy_neg,muy_neg,neg,muy_neg,low,drop
2728490,Mekelle 70 Enderta FC,Wolaita Dicha,Ethiopia Premier League,2/4/2025,0,1,1,-1,0.25,HOME,0.25,1,PICK_EM,1.75,L,-1.0,-1,UNDER_W,1.0,0.25,0.25,0.0,0,,,-9,-1,-8,-2,D,-9,-3,-25,17,L,H,0.25,-8,A,0.0,-25,99,99,0,neg,muy_neg,neg,muy_neg,low,drop
2728758,Ethiopian Insurance FC,Fasil Kenema,Ethiopia Premier League,2/5/2025,0,1,1,-1,0.5,HOME,0.5,2,MUST_WIN,1.5,L,-1.0,-1,UNDER_W,1.0,0.0,0.5,0.5,2,COVER,COVER,-1,0,14,20,W,3,0,1,-15,W,,,0,H,0.0,-17,99,99,0,pos,neutro,neutro,neg,low,rise
2728756,Ethiopia Nigd Bank,Hawassa City FC,Ethiopia Premier League,2/5/2025,2,0,2,2,0.0,HOME,0.0,0,PICK_EM,1.5,W,1.0,1,OVER_W,1.0,0.75,0.0,-0.75,-3,COVER,COVER,8,2,36,31,D,-2,0,-13,18,D,H,0.25,14,H,0.25,-15,99,99,0,muy_pos,neg,pos,neg,low,strong_drop
2728489,Arba Minch,Hadiya Hossana,Ethiopia Premier League,2/4/2025,3,3,6,0,0.25,HOME,0.25,1,PICK_EM,2.0,HW,0.5,1,OVER_W,1.0,0.0,0.25,0.25,1,COVER,COVER,9,3,25,-17,W,1,-2,22,12,L,H,1.0,-5,H,0.5,-25,99,99,0,muy_pos,muy_pos,neutro,muy_neg,low,rise
2728928,Adama City,Sidama Bunna,Ethiopia Premier League,2/7/2025,0,0,0,0,-0.5,AWAY,0.5,2,MUST_WIN,2.0,L,-1.0,-1,UNDER_W,1.0,0.25,-0.5,-0.75,-3,COVER,COVER,-7,-3,-47,-27,L,0,0,-17,-10,D,A,0.25,74,H,0.25,-28,99,99,0,muy_neg,neg,muy_pos,muy_neg,low,strong_drop
2728927,Shire Endaselassie FC,Welwalo Adigrat,Ethiopia Premier League,2/7/2025,1,0,1,1,0.25,HOME,0.25,1,PICK_EM,2.0,W,1.0,1,UNDER_W,1.0,0.5,0.25,-0.25,-1,NO_COVER,NO_COVER,5,-2,22,5,L,1,0,-28,-13,D,H,-0.5,5,A,1.0,5,99,99,0,muy_pos,muy_neg,neutro,neutro,low,drop
2730347,Wolaita Dicha,Ethiopia Nigd Bank,Ethiopia Premier League,2/9/2025,1,1,2,0,0.0,HOME,0.0,0,PICK_EM,2.0,P,0.0,0,PUSH,0.0,0.0,0.0,0.0,0,,,6,-2,-1,-20,L,2,4,17,30,W,H,0.25,74,H,0.25,-14,99,99,0,neutro,pos,muy_pos,neg,low,drop
2730214,Ethiopia Bunna,Mekelakeya,Ethiopia Premier League,2/8/2025,1,0,1,1,0.0,HOME,0.0,0,PICK_EM,1.75,W,1.0,1,UNDER_W,1.0,0.0,0.0,0.0,0,PUSH,PUSH,0,3,-44,-50,W,0,0,0,0,L,H,0.5,-2,H,0.25,17,99,99,0,muy_neg,neutro,neutro,pos,low,drop
2730198,Hadiya Hossana,Kedus Giorgis,Ethiopia Premier League,2/8/2025,1,0,1,1,-0.25,AWAY,0.25,1,PICK_EM,1.75,W,1.0,1,UNDER_W,1.0,-0.25,-0.25,0.0,0,NO_COVER,NO_COVER,-7,-3,-23,-19,L,-6,2,1,20,W,H,0.5,25,H,0.5,27,99,99,0,muy_neg,neutro,muy_pos,muy_pos,low,drop
2730348,Bahir Dar Kenema FC,Fasil Kenema,Ethiopia Premier League,2/9/2025,2,1,3,1,0.25,HOME,0.25,1,PICK_EM,2.0,W,1.0,1,OVER_W,1.0,0.25,0.25,0.0,0,COVER,COVER,-2,-1,6,-24,L,1,1,-34,-64,W,H,0.0,6,A,0.5,-34,99,99,0,pos,muy_neg,pos,muy_neg,low,drop
2731434,Ethio Electric FC,Arba Minch,Ethiopia Premier League,2/10/2025,2,1,3,1,0.0,HOME,0.0,0,PICK_EM,2.0,W,1.0,1,OVER_W,1.0,-0.25,0.0,0.25,1,PUSH,PUSH,-1,0,28,13,D,9,1,8,2,D,H,0.0,62,H,1.0,5,99,99,0,muy_pos,pos,muy_pos,neutro,low,rise
2741947,Hawassa City FC,Hadiya Hossana,Ethiopia Premier League,2/27/2025,0,0,0,0,-0.25,AWAY,0.25,1,PICK_EM,2.0,HL,-0.5,-1,UNDER_W,1.0,0.0,-0.25,-0.25,-1,NO_COVER,NO_COVER,0,0,0,0,W,5,0,19,8,D,H,0.25,25,A,0.5,-37,99,99,0,neutro,pos,muy_pos,muy_neg,low,drop
2741946,Mekelle 70 Enderta FC,Ethiopia Nigd Bank,Ethiopia Premier League,2/27/2025,0,1,1,-1,0.0,HOME,0.0,0,PICK_EM,2.0,L,-1.0,-1,UNDER_W,1.0,0.0,0.0,0.0,0,,,-4,-1,-1,-2,L,2,2,6,33,D,H,0.25,-1,A,0.0,6,99,99,0,neutro,pos,neutro,pos,low,drop
2731435,Dire Dawa,Ethiopian Insurance FC,Ethiopia Premier League,2/10/2025,0,3,3,-3,-0.75,AWAY,0.75,3,MUST_WIN,1.75,L,-1.0,-1,OVER_W,1.0,-0.75,-0.75,0.0,0,,,-3,0,-1,15,L,7,3,23,19,W,H,0.25,28,H,0.5,-34,99,99,0,neutro,muy_pos,muy_pos,muy_neg,mid,drop
2742061,Sidama Bunna,Welwalo Adigrat,Ethiopia Premier League,2/28/2025,1,1,2,0,0.5,HOME,0.5,2,MUST_WIN,1.75,W,1.0,1,OVER_HW,0.5,0.75,0.5,-0.25,-1,COVER,COVER,9,6,-12,7,W,0,-1,11,35,L,H,0.25,-12,A,0.25,11,99,99,0,neg,pos,neg,pos,low,drop
2742062,Shire Endaselassie FC,Ethiopia Bunna,Ethiopia Premier League,2/28/2025,0,1,1,-1,-0.25,AWAY,0.25,1,PICK_EM,1.75,L,-1.0,-1,UNDER_W,1.0,-0.25,-0.25,0.0,0,,,0,1,-11,-35,W,4,2,-16,0,D,A,0.5,-3,H,1.0,-40,99,99,0,neg,neg,neutro,muy_neg,low,drop
2742057,Ethio Electric FC,Adama City,Ethiopia Premier League,2/28/2025,0,2,2,-2,0.25,HOME,0.25,1,PICK_EM,2.0,L,-1.0,-1,PUSH,0.0,0.0,0.25,0.25,1,COVER,COVER,-3,2,8,39,W,4,3,33,31,L,H,0.0,62,A,0.0,13,99,99,0,pos,muy_pos,muy_pos,pos,low,rise
2742064,Arba Minch,Fasil Kenema,Ethiopia Premier League,3/1/2025,1,0,1,1,0.25,HOME,0.25,1,PICK_EM,2.0,W,1.0,1,UNDER_W,1.0,-0.5,0.25,0.75,3,COVER,COVER,-5,0,-19,-8,D,0,0,-13,-4,L,H,-0.75,-16,A,0.25,14,99,99,0,neg,neg,neg,pos,low,strong_rise
2742063,Ethiopian Insurance FC,Wolaita Dicha,Ethiopia Premier League,3/1/2025,0,1,1,-1,0.75,HOME,0.75,3,MUST_WIN,2.0,HL,-0.5,-1,UNDER_W,1.0,0.0,0.75,0.75,3,NO_COVER,NO_COVER,-1,-1,34,64,L,4,1,1,2,W,H,0.25,3,H,0.0,15,99,99,0,muy_pos,neutro,neutro,pos,mid,strong_rise
2743289,Kedus Giorgis,Bahir Dar Kenema FC,Ethiopia Premier League,3/2/2025,1,4,5,-3,0.25,HOME,0.25,1,PICK_EM,2.0,L,-1.0,-1,OVER_W,1.0,0.25,0.25,0.0,0,NO_COVER,NO_COVER,-4,-2,16,0,D,0,-3,44,50,L,H,0.25,16,A,0.0,44,99,99,0,pos,muy_pos,pos,muy_pos,low,drop
2743290,Dire Dawa,Mekelakeya,Ethiopia Premier League,3/2/2025,0,0,0,0,-0.5,AWAY,0.5,2,MUST_WIN,2.25,L,-1.0,-1,UNDER_W,1.0,-0.5,-0.5,0.0,0,NO_COVER,NO_COVER,-11,-4,-13,-3,L,1,0,40,53,L,H,0.25,-30,H,0.75,11,99,99,0,neg,muy_pos,muy_neg,pos,low,drop
2745872,Shire Endaselassie FC,Ethiopia Nigd Bank,Ethiopia Premier League,3/5/2025,0,1,1,-1,-0.25,AWAY,0.25,1,PICK_EM,2.0,L,-1.0,-1,UNDER_W,1.0,-0.25,-0.25,0.0,0,,,-2,-2,19,-16,L,8,4,-2,-5,W,H,0.0,-36,,,0,99,99,0,pos,neutro,muy_neg,neutro,low,drop
2745874,Mekelle 70 Enderta FC,Hawassa City FC,Ethiopia Premier League,3/5/2025,2,5,7,-3,0.0,HOME,0.0,0,PICK_EM,1.75,L,-1.0,-1,OVER_W,1.0,0.0,0.0,0.0,0,,,-8,-4,2,5,L,-4,-5,4,10,L,H,0.0,2,A,0.0,4,99,99,0,neutro,neutro,neutro,neutro,low,drop
2745873,Adama City,Arba Minch,Ethiopia Premier League,3/5/2025,1,3,4,-2,-0.25,AWAY,0.25,1,PICK_EM,2.0,L,-1.0,-1,OVER_W,1.0,0.0,-0.25,-0.25,-1,NO_COVER,NO_COVER,-2,2,-31,-30,D,3,-2,-8,-39,L,A,0.25,-1,H,0.0,23,99,99,0,muy_neg,neg,neutro,muy_pos,low,drop
2745515,Sidama Bunna,Hadiya Hossana,Ethiopia Premier League,3/4/2025,1,1,2,0,0.0,HOME,0.0,0,PICK_EM,2.0,P,0.0,0,PUSH,0.0,0.25,0.0,-0.25,-1,PUSH,PUSH,2,-1,9,26,D,0,0,-2,1,D,H,0.25,19,A,-1.75,22,99,99,0,pos,neutro,pos,muy_pos,low,drop
2745505,Ethio Electric FC,Ethiopia Bunna,Ethiopia Premier League,3/4/2025,0,1,1,-1,0.0,HOME,0.0,0,PICK_EM,2.0,L,-1.0,-1,UNDER_W,1.0,0.0,0.0,0.0,0,NO_COVER,NO_COVER,-7,-5,-1,24,L,2,2,-19,16,W,A,-0.5,5,A,-0.25,60,99,99,0,neutro,neg,neutro,muy_pos,low,drop
2746253,Fasil Kenema,Bahir Dar Kenema FC,Ethiopia Premier League,3/6/2025,0,0,0,0,-0.25,AWAY,0.25,1,PICK_EM,2.0,HL,-0.5,-1,UNDER_W,1.0,0.0,-0.25,-0.25,-1,NO_COVER,NO_COVER,-1,-1,-24,-13,D,8,2,-4,-15,W,A,0.25,2,A,0.25,17,99,99,0,muy_neg,neutro,neutro,pos,low,drop
2746252,Kedus Giorgis,Wolaita Dicha,Ethiopia Premier League,3/6/2025,0,1,1,-1,0.0,HOME,0.0,0,PICK_EM,2.0,L,-1.0,-1,UNDER_W,1.0,0.5,0.0,-0.5,-2,PUSH,PUSH,-8,-2,4,15,L,-4,1,-23,-35,W,H,0.5,-27,A,0.25,-9,99,99,0,neutro,muy_neg,muy_neg,neg,low,strong_drop
2748087,Ethio Electric FC,Shire Endaselassie FC,Ethiopia Premier League,3/9/2025,1,0,1,1,0.0,HOME,0.0,0,PICK_EM,1.75,W,1.0,1,UNDER_W,1.0,0.0,0.0,0.0,0,,,1,-3,-2,24,L,-9,-6,12,-7,L,A,0.25,28,H,-0.25,-19,99,99,0,neutro,pos,muy_pos,neg,low,drop
2748088,Hawassa City FC,Ethiopia Bunna,Ethiopia Premier League,3/9/2025,0,0,0,0,-0.75,AWAY,0.75,3,MUST_WIN,2.0,L,-1.0,-1,UNDER_W,1.0,0.0,-0.75,-0.75,-3,NO_COVER,NO_COVER,0,0,2,-1,D,-1,3,2,-24,W,H,0.25,-9,A,0.25,43,99,99,0,neutro,neutro,neg,muy_pos,mid,strong_drop
2746515,Ethiopian Insurance FC,Dire Dawa,Ethiopia Premier League,3/7/2025,1,0,1,1,0.5,HOME,0.5,2,MUST_WIN,2.0,W,1.0,1,UNDER_W,1.0,0.25,0.5,0.25,1,NO_COVER,NO_COVER,4,-1,23,35,L,9,0,55,63,D,H,0.25,19,H,0.0,24,99,99,0,muy_pos,muy_pos,pos,muy_pos,low,rise
2749713,Sidama Bunna,Adama City,Ethiopia Premier League,3/10/2025,0,0,0,0,0.5,HOME,0.5,2,MUST_WIN,2.0,W,1.0,1,UNDER_W,1.0,0.0,0.5,0.5,2,COVER,COVER,-2,-3,-17,18,D,7,5,1,-24,W,H,0.25,28,A,0.25,24,99,99,0,neg,neutro,muy_pos,muy_pos,low,rise
2748892,Hadiya Hossana,Bahir Dar Kenema FC,Ethiopia Premier League,3/10/2025,0,1,1,-1,0.0,HOME,0.0,0,PICK_EM,1.75,L,-1.0,-1,UNDER_W,1.0,0.0,0.0,0.0,0,COVER,COVER,-1,2,-27,-21,W,0,0,0,0,D,H,0.25,-14,A,0.25,-4,99,99,0,muy_neg,neutro,neg,neutro,low,drop
2746514,Mekelakeya,Welwalo Adigrat,Ethiopia Premier League,3/7/2025,0,0,0,0,0.75,HOME,0.75,3,MUST_WIN,2.0,W,1.0,1,UNDER_W,1.0,0.5,0.75,0.25,1,NO_COVER,NO_COVER,-3,-3,-17,-11,D,-2,1,-9,-26,D,H,0.75,2,H,-0.25,12,99,99,0,neg,neg,neutro,pos,mid,rise
2749909,Arba Minch,Mekelle 70 Enderta FC,Ethiopia Premier League,3/12/2025,0,1,1,-1,0.25,HOME,0.25,1,PICK_EM,2.25,L,-1.0,-1,UNDER_W,1.0,0.25,0.25,0.0,0,,,-10,1,-84,-70,W,-1,0,-62,-48,W,A,0.0,8,A,0.5,-18,99,99,0,muy_neg,muy_neg,pos,neg,low,drop
2749746,Ethiopian Insurance FC,Ethiopia Nigd Bank,Ethiopia Premier League,3/11/2025,2,1,3,1,0.5,HOME,0.5,2,MUST_WIN,1.75,W,1.0,1,OVER_W,1.0,0.5,0.5,0.0,0,,,-1,-1,-11,19,W,9,3,25,15,W,H,0.75,30,A,0.0,-13,99,99,0,neg,muy_pos,muy_pos,neg,low,drop
2749745,Wolaita Dicha,Welwalo Adigrat,Ethiopia Premier League,3/11/2025,1,0,1,1,0.75,HOME,0.75,3,MUST_WIN,2.0,W,1.0,1,UNDER_W,1.0,0.5,0.75,0.25,1,COVER,COVER,-2,-2,-6,-33,D,-3,-2,-17,-35,D,A,0.5,3,H,-1.25,30,99,99,0,neg,neg,neutro,muy_pos,mid,rise
2749918,Mekelakeya,Fasil Kenema,Ethiopia Premier League,3/12/2025,2,4,6,-2,0.25,HOME,0.25,1,PICK_EM,1.75,L,-1.0,-1,OVER_W,1.0,0.25,0.25,0.0,0,COVER,COVER,3,2,17,35,D,10,-1,84,70,L,A,-0.25,18,H,0.5,-7,99,99,0,pos,muy_pos,pos,neg,low,drop
2760129,Kedus Giorgis,Hadiya Hossana,Ethiopia Premier League,4/2/2025,0,0,0,0,0.0,HOME,0.0,0,PICK_EM,1.75,P,0.0,0,UNDER_W,1.0,0.25,0.0,-0.25,-1,PUSH,PUSH,-2,-2,-6,7,D,2,3,17,-18,D,A,0.0,-3,A,0.25,-28,99,99,0,neg,pos,neutro,muy_neg,low,drop
2749919,Kedus Giorgis,Dire Dawa,Ethiopia Premier League,3/12/2025,0,0,0,0,0.5,HOME,0.5,2,MUST_WIN,2.0,W,1.0,1,UNDER_W,1.0,0.75,0.5,-0.25,-1,NO_COVER,NO_COVER,-4,-2,-23,-32,L,1,1,11,-19,L,H,0.5,-27,H,0.0,24,99,99,0,muy_neg,pos,muy_neg,muy_pos,low,drop
2760418,Welwalo Adigrat,Fasil Kenema,Ethiopia Premier League,4/3/2025,1,2,3,-1,-0.5,AWAY,0.5,2,MUST_WIN,2.0,L,-1.0,-1,OVER_W,1.0,0.5,-0.5,-1.0,-4,NO_COVER,NO_COVER,-9,0,-55,-63,D,4,0,-33,-18,W,A,0.75,17,A,0.0,1,99,99,0,muy_neg,muy_neg,pos,neutro,low,strong_drop
2760419,Wolaita Dicha,Mekelle 70 Enderta FC,Ethiopia Premier League,4/3/2025,1,0,1,1,0.5,HOME,0.5,2,MUST_WIN,2.0,W,1.0,1,UNDER_W,1.0,0.5,0.5,0.0,0,COVER,COVER,-2,2,-3,12,W,-4,-1,-10,-19,W,A,0.0,25,H,0.5,22,99,99,0,neutro,neg,muy_pos,muy_pos,low,drop
2760420,Hawassa City FC,Ethiopian Insurance FC,Ethiopia Premier League,4/3/2025,1,2,3,-1,-0.5,AWAY,0.5,2,MUST_WIN,2.0,L,-1.0,-1,OVER_W,1.0,0.25,-0.5,-0.75,-3,NO_COVER,NO_COVER,-1,0,-16,-10,D,11,4,13,3,W,A,0.25,29,H,0.75,-14,99,99,0,neg,pos,muy_pos,neg,low,strong_drop
2760130,Adama City,Dire Dawa,Ethiopia Premier League,4/2/2025,1,3,4,-2,0.0,HOME,0.0,0,PICK_EM,2.0,L,-1.0,-1,OVER_W,1.0,0.5,0.0,-0.5,-2,COVER,COVER,-2,-3,-31,22,L,2,2,6,-7,D,H,0.25,-5,H,0.75,13,99,99,0,muy_neg,pos,neutro,pos,low,strong_drop
2761114,Arba Minch,Ethio Electric FC,Ethiopia Premier League,4/5/2025,2,0,2,2,0.25,HOME,0.25,1,PICK_EM,1.75,W,1.0,1,OVER_HW,0.5,1.0,0.25,-0.75,-3,COVER,COVER,4,1,10,19,L,7,3,47,27,W,A,-0.25,-31,H,0.0,-62,99,99,0,pos,muy_pos,muy_neg,muy_neg,low,strong_drop
2760710,Mekelakeya,Ethiopia Bunna,Ethiopia Premier League,4/4/2025,0,1,1,-1,-0.25,AWAY,0.25,1,PICK_EM,2.25,L,-1.0,-1,UNDER_W,1.0,0.25,-0.25,-0.5,-2,NO_COVER,NO_COVER,-4,0,33,18,L,1,0,16,10,D,A,-0.75,0,A,0.0,-17,99,99,0,muy_pos,pos,neutro,neg,low,strong_drop
2760712,Bahir Dar Kenema FC,Shire Endaselassie FC,Ethiopia Premier League,4/4/2025,0,0,0,0,0.75,HOME,0.75,3,MUST_WIN,2.25,W,1.0,1,UNDER_W,1.0,0.75,0.75,0.0,0,,,0,0,13,4,W,1,-2,1,-1,L,A,-0.5,-50,A,0.25,-2,99,99,0,pos,neutro,muy_neg,neutro,mid,drop
2762561,Fasil Kenema,Kedus Giorgis,Ethiopia Premier League,4/7/2025,2,1,3,1,0.0,HOME,0.0,0,PICK_EM,1.75,W,1.0,1,OVER_W,1.0,-0.25,0.0,0.25,1,NO_COVER,NO_COVER,0,0,0,0,D,1,-2,27,21,L,A,0.25,-14,H,0.25,-4,99,99,0,neutro,muy_pos,neg,neutro,low,rise
2761113,Ethiopia Nigd Bank,Sidama Bunna,Ethiopia Premier League,4/5/2025,2,1,3,1,0.25,HOME,0.25,1,PICK_EM,1.75,W,1.0,1,OVER_W,1.0,0.75,0.25,-0.5,-2,COVER,COVER,4,5,-4,-10,W,2,-2,31,30,D,A,-0.25,-17,,,0,99,99,0,neutro,muy_pos,neg,neutro,low,strong_drop
2762667,Adama City,Wolaita Dicha,Ethiopia Premier League,4/8/2025,0,0,0,0,-0.5,AWAY,0.5,2,MUST_WIN,2.0,L,-1.0,-1,UNDER_W,1.0,0.0,-0.5,-0.5,-2,NO_COVER,NO_COVER,9,4,29,3,L,4,2,23,32,W,H,0.25,-5,,,0,99,99,0,muy_pos,muy_pos,neutro,neutro,low,strong_drop
2762558,Welwalo Adigrat,Ethiopian Insurance FC,Ethiopia Premier League,4/7/2025,1,1,2,0,-1.0,AWAY,1.0,4,WIN_BY_1,2.25,L,-1.0,-1,UNDER_HW,0.5,-1.0,-1.0,0.0,0,,,-2,-2,-19,-19,L,0,-1,-23,-43,W,A,0.75,-13,H,0.5,-34,99,99,0,neg,muy_neg,neg,muy_neg,mid,drop
2762665,Hadiya Hossana,Dire Dawa,Ethiopia Premier League,4/8/2025,1,1,2,0,0.5,HOME,0.5,2,MUST_WIN,1.75,W,1.0,1,OVER_HW,0.5,0.0,0.5,0.5,2,COVER,COVER,-5,-3,0,-22,L,-9,-4,-29,-3,W,H,0.25,-24,A,0.25,-30,99,99,0,neutro,muy_neg,muy_neg,muy_neg,low,rise
2762983,Ethio Electric FC,Hawassa City FC,Ethiopia Premier League,4/9/2025,1,1,2,0,0.25,HOME,0.25,1,PICK_EM,1.75,HW,0.5,1,OVER_HW,0.5,0.25,0.25,0.0,0,COVER,COVER,-1,2,-1,1,W,7,3,-37,-73,W,H,0.0,62,,,0,99,99,0,neutro,muy_neg,muy_pos,neutro,low,drop
2763001,Bahir Dar Kenema FC,Ethiopia Bunna,Ethiopia Premier League,4/10/2025,2,0,2,2,0.25,HOME,0.25,1,PICK_EM,1.75,W,1.0,1,OVER_HW,0.5,0.0,0.25,0.25,1,COVER,COVER,13,4,47,21,D,-4,2,-15,20,W,A,0.25,-17,A,-0.25,-19,99,99,0,muy_pos,neg,neg,neg,low,rise
2762982,Shire Endaselassie FC,Sidama Bunna,Ethiopia Premier League,4/9/2025,0,1,1,-1,0.0,HOME,0.0,0,PICK_EM,1.75,L,-1.0,-1,UNDER_W,1.0,0.0,0.0,0.0,0,NO_COVER,NO_COVER,-9,-3,-25,-15,L,7,-2,76,75,L,H,-0.25,-25,A,0.25,76,99,99,0,muy_neg,muy_pos,muy_neg,muy_pos,low,drop
2762668,Mekelakeya,Mekelle 70 Enderta FC,Ethiopia Premier League,4/8/2025,1,0,1,1,0.25,HOME,0.25,1,PICK_EM,1.75,W,1.0,1,UNDER_W,1.0,0.25,0.25,0.0,0,,,4,-2,15,-20,L,0,1,-15,-2,L,,,0,A,0.25,0,99,99,0,pos,neg,neutro,neutro,low,drop
2763000,Arba Minch,Ethiopia Nigd Bank,Ethiopia Premier League,4/10/2025,1,1,2,0,-0.25,AWAY,0.25,1,PICK_EM,2.0,HL,-0.5,-1,PUSH,0.0,-0.25,-0.25,0.0,0,,,4,4,-34,-20,W,4,1,23,26,L,,,0,H,0.25,58,99,99,0,muy_neg,muy_pos,neutro,muy_pos,low,drop
2765225,Welwalo Adigrat,Shire Endaselassie FC,Ethiopia Premier League,4/13/2025,1,1,2,0,0.0,HOME,0.0,0,PICK_EM,1.75,P,0.0,0,OVER_HW,0.5,0.25,0.0,-0.25,-1,NO_COVER,NO_COVER,-4,-1,-60,-57,D,-13,-4,-47,-21,D,,,0,A,0.75,-30,99,99,0,muy_neg,muy_neg,neutro,muy_neg,low,drop
2765547,Kedus Giorgis,Ethiopia Nigd Bank,Ethiopia Premier League,4/14/2025,0,1,1,-1,-0.25,AWAY,0.25,1,PICK_EM,1.75,L,-1.0,-1,UNDER_W,1.0,-0.25,-0.25,0.0,0,,,-5,0,30,15,D,3,2,2,0,D,H,0.5,3,A,0.25,15,99,99,0,muy_pos,neutro,neutro,pos,low,drop
2765226,Hadiya Hossana,Mekelle 70 Enderta FC,Ethiopia Premier League,4/13/2025,0,2,2,-2,0.5,HOME,0.5,2,MUST_WIN,1.75,L,-1.0,-1,OVER_HW,0.5,0.5,0.5,0.0,0,,,2,0,8,-37,D,6,2,16,-13,L,A,0.5,37,A,0.25,-42,99,99,0,pos,pos,muy_pos,muy_neg,low,drop
2765545,Sidama Bunna,Bahir Dar Kenema FC,Ethiopia Premier League,4/14/2025,1,0,1,1,-0.25,AWAY,0.25,1,PICK_EM,1.75,W,1.0,1,UNDER_W,1.0,-0.75,-0.25,0.5,2,NO_COVER,NO_COVER,-2,-1,0,16,D,5,3,0,22,W,H,0.0,-17,,,0,99,99,0,neutro,neutro,neg,neutro,low,rise
2765840,Ethiopia Bunna,Fasil Kenema,Ethiopia Premier League,4/15/2025,1,0,1,1,0.5,HOME,0.5,2,MUST_WIN,2.0,W,1.0,1,UNDER_W,1.0,0.0,0.5,0.5,2,COVER,COVER,-1,0,-40,-53,W,2,2,19,19,W,H,1.0,40,A,0.25,-33,99,99,0,muy_neg,pos,muy_pos,muy_neg,low,rise
2765546,Hawassa City FC,Wolaita Dicha,Ethiopia Premier League,4/14/2025,1,0,1,1,0.0,HOME,0.0,0,PICK_EM,1.75,W,1.0,1,UNDER_W,1.0,-0.5,0.0,0.5,2,COVER,COVER,0,1,23,43,L,7,4,33,7,D,A,0.0,-26,A,0.75,-23,99,99,0,muy_pos,muy_pos,muy_neg,muy_neg,low,rise
2770221,Dire Dawa,Ethio Electric FC,Ethiopia Premier League,4/27/2025,0,2,2,-2,0.0,HOME,0.0,0,PICK_EM,1.75,L,-1.0,-1,OVER_HW,0.5,0.0,0.0,0.0,0,PUSH,PUSH,-4,-1,-47,-53,D,-4,-4,34,20,L,H,0.75,-13,H,-1.0,25,99,99,0,muy_neg,muy_pos,neg,muy_pos,low,drop
2765841,Mekelakeya,Arba Minch,Ethiopia Premier League,4/15/2025,1,0,1,1,0.5,HOME,0.5,2,MUST_WIN,2.25,W,1.0,1,UNDER_W,1.0,0.0,0.5,0.5,2,NO_COVER,NO_COVER,-6,-2,-16,13,W,2,3,31,-22,W,H,0.5,17,H,0.25,-10,99,99,0,neg,muy_pos,pos,neg,low,rise
2765829,Ethiopian Insurance FC,Adama City,Ethiopia Premier League,4/16/2025,3,1,4,2,1.0,HOME,1.0,4,WIN_BY_1,2.0,W,1.0,1,OVER_W,1.0,0.25,1.0,0.75,3,COVER,COVER,-4,-1,-23,-26,W,2,1,0,-16,D,,,0,H,-0.25,17,99,99,0,muy_neg,neutro,neutro,pos,mid,strong_rise
2767021,Arba Minch,Shire Endaselassie FC,Ethiopia Premier League,4/20/2025,0,0,0,0,0.5,HOME,0.5,2,MUST_WIN,1.75,W,1.0,1,UNDER_W,1.0,0.5,0.5,0.0,0,,,-3,-2,-2,0,D,-3,0,-22,-5,D,H,1.0,-5,H,-0.25,25,99,99,0,neutro,muy_neg,neutro,muy_pos,low,drop
2766741,Welwalo Adigrat,Kedus Giorgis,Ethiopia Premier League,4/19/2025,1,3,4,-2,-0.75,AWAY,0.75,3,MUST_WIN,2.0,L,-1.0,-1,OVER_W,1.0,-0.75,-0.75,0.0,0,,,3,0,22,5,D,1,-1,38,9,L,H,-0.5,-19,H,0.5,3,99,99,0,muy_pos,muy_pos,neg,neutro,mid,drop
2767212,Adama City,Mekelakeya,Ethiopia Premier League,4/21/2025,0,2,2,-2,-0.75,AWAY,0.75,3,MUST_WIN,2.25,L,-1.0,-1,UNDER_HW,0.5,0.0,-0.75,-0.75,-3,COVER,COVER,-7,-4,-33,-7,D,4,1,47,53,D,H,0.0,29,,,0,99,99,0,muy_neg,muy_pos,muy_pos,neutro,mid,strong_drop
2767213,Fasil Kenema,Dire Dawa,Ethiopia Premier League,4/21/2025,0,1,1,-1,0.25,HOME,0.25,1,PICK_EM,2.0,L,-1.0,-1,UNDER_W,1.0,0.25,0.25,0.0,0,NO_COVER,NO_COVER,-1,1,-38,-9,W,-2,0,-8,37,D,A,0.25,-14,A,0.5,6,99,99,0,muy_neg,neg,neg,pos,low,drop
2766738,Wolaita Dicha,Hadiya Hossana,Ethiopia Premier League,4/19/2025,1,3,4,-2,0.0,HOME,0.0,0,PICK_EM,1.75,L,-1.0,-1,OVER_W,1.0,-0.25,0.0,0.25,1,NO_COVER,NO_COVER,0,-1,15,2,W,5,0,-30,-15,D,A,0.0,-23,H,0.5,19,99,99,0,pos,muy_neg,muy_neg,pos,low,rise
2767023,Ethiopia Bunna,Sidama Bunna,Ethiopia Premier League,4/20/2025,0,1,1,-1,0.25,HOME,0.25,1,PICK_EM,2.0,L,-1.0,-1,UNDER_W,1.0,0.5,0.25,-0.25,-1,COVER,COVER,1,1,-23,-13,W,8,2,12,4,W,A,-0.25,19,H,0.0,-33,99,99,0,muy_neg,pos,pos,muy_neg,low,drop
2767211,Bahir Dar Kenema FC,Mekelle 70 Enderta FC,Ethiopia Premier League,4/21/2025,4,1,5,3,0.5,HOME,0.5,2,MUST_WIN,2.0,W,1.0,1,OVER_W,1.0,0.5,0.5,0.0,0,,,-3,1,-17,-31,W,3,0,19,36,W,A,0.0,0,A,0.25,0,99,99,0,neg,pos,neutro,neutro,low,drop
2768269,Ethio Electric FC,Ethiopian Insurance FC,Ethiopia Premier League,4/22/2025,0,2,2,-2,-1.0,AWAY,1.0,4,WIN_BY_1,2.25,L,-1.0,-1,UNDER_HW,0.5,-0.5,-1.0,-0.5,-2,NO_COVER,NO_COVER,-3,-2,-9,-11,D,4,1,60,57,D,H,0.75,28,A,-0.5,-23,99,99,0,neg,muy_pos,muy_pos,muy_neg,mid,strong_drop
2771479,Shire Endaselassie FC,Wolaita Dicha,Ethiopia Premier League,4/30/2025,1,1,2,0,0.0,HOME,0.0,0,PICK_EM,1.75,P,0.0,0,OVER_HW,0.5,0.0,0.0,0.0,0,,,-8,-2,-12,-4,L,-7,-3,37,23,L,,,0,H,0.0,-17,99,99,0,neg,muy_pos,neutro,neg,low,drop
2771483,Adama City,Welwalo Adigrat,Ethiopia Premier League,4/30/2025,1,1,2,0,0.25,HOME,0.25,1,PICK_EM,1.75,HW,0.5,1,OVER_HW,0.5,0.75,0.25,-0.5,-2,COVER,COVER,0,0,0,0,L,2,-2,3,-12,L,H,-0.5,-33,A,0.75,-17,99,99,0,neutro,neutro,muy_neg,neg,low,strong_drop
2768575,Hawassa City FC,Ethiopia Nigd Bank,Ethiopia Premier League,4/22/2025,2,1,3,1,-0.25,AWAY,0.25,1,PICK_EM,2.25,W,1.0,1,OVER_W,1.0,0.0,-0.25,-0.25,-1,NO_COVER,NO_COVER,7,3,-37,-23,W,5,3,-18,-7,W,A,1.0,13,A,0.0,6,99,99,0,muy_neg,neg,pos,pos,low,drop
2771655,Mekelle 70 Enderta FC,Kedus Giorgis,Ethiopia Premier League,5/1/2025,0,1,1,-1,0.0,HOME,0.0,0,PICK_EM,1.75,L,-1.0,-1,UNDER_W,1.0,0.0,0.0,0.0,0,,,-7,-3,37,73,L,3,3,-11,-18,W,H,0.5,-22,H,1.0,-13,99,99,0,muy_pos,neg,muy_neg,neg,low,drop
2771663,Ethiopia Bunna,Dire Dawa,Ethiopia Premier League,5/1/2025,2,0,2,2,0.5,HOME,0.5,2,MUST_WIN,2.0,W,1.0,1,PUSH,0.0,0.25,0.5,0.25,1,NO_COVER,NO_COVER,-2,-1,-2,-4,L,-3,0,1,-13,W,H,0.5,-23,H,0.0,70,99,99,0,neutro,neutro,muy_neg,muy_pos,low,rise
2771912,Bahir Dar Kenema FC,Ethio Electric FC,Ethiopia Premier League,5/2/2025,2,0,2,2,0.5,HOME,0.5,2,MUST_WIN,2.0,W,1.0,1,PUSH,0.0,0.5,0.5,0.0,0,COVER,COVER,8,5,-33,-41,W,-1,1,-6,-28,W,H,0.25,30,H,0.0,-62,99,99,0,muy_neg,neg,muy_pos,muy_neg,low,drop
2771659,Fasil Kenema,Hadiya Hossana,Ethiopia Premier League,5/1/2025,1,1,2,0,0.0,HOME,0.0,0,PICK_EM,1.75,P,0.0,0,OVER_HW,0.5,0.75,0.0,-0.75,-3,NO_COVER,NO_COVER,3,0,-1,13,L,0,0,0,0,W,A,0.0,-15,H,0.5,-8,99,99,0,neutro,neutro,neg,neg,low,strong_drop
2771913,Ethiopia Nigd Bank,Mekelakeya,Ethiopia Premier League,5/2/2025,0,0,0,0,0.25,HOME,0.25,1,PICK_EM,1.75,HW,0.5,1,UNDER_W,1.0,0.25,0.25,0.0,0,NO_COVER,NO_COVER,-7,2,-76,-75,W,0,0,0,0,W,A,-0.25,-17,A,-0.25,-12,99,99,0,muy_neg,neutro,neg,neg,low,drop
2772291,Hawassa City FC,Sidama Bunna,Ethiopia Premier League,5/3/2025,1,1,2,0,0.25,HOME,0.25,1,PICK_EM,1.75,HW,0.5,1,OVER_HW,0.5,0.25,0.25,0.0,0,COVER,COVER,5,-1,37,19,W,2,1,2,4,W,H,-0.75,-16,A,0.25,76,99,99,0,muy_pos,neutro,neg,muy_pos,low,drop
2772976,Adama City,Mekelle 70 Enderta FC,Ethiopia Premier League,5/5/2025,0,0,0,0,0.0,HOME,0.0,0,PICK_EM,2.0,P,0.0,0,UNDER_W,1.0,0.0,0.0,0.0,0,,,2,1,-1,4,D,-8,-5,33,41,L,,,0,H,0.5,22,99,99,0,neutro,muy_pos,neutro,muy_pos,low,drop
2772289,Arba Minch,Ethiopian Insurance FC,Ethiopia Premier League,5/3/2025,0,2,2,-2,-0.5,AWAY,0.5,2,MUST_WIN,1.75,L,-1.0,-1,OVER_HW,0.5,2.5,-0.5,-3.0,-12,NO_COVER,NO_COVER,-1,0,-14,-9,D,3,2,25,32,W,H,0.25,-34,H,0.75,-30,99,99,0,neg,muy_pos,muy_neg,muy_neg,low,strong_drop
2773359,Ethio Electric FC,Kedus Giorgis,Ethiopia Premier League,5/6/2025,0,1,1,-1,-0.25,AWAY,0.25,1,PICK_EM,2.0,L,-1.0,-1,UNDER_W,1.0,-1.25,-0.25,1.0,4,NO_COVER,NO_COVER,-3,-2,-25,-32,L,3,1,1,-9,W,H,0.0,62,,,0,99,99,0,muy_neg,neutro,muy_pos,neutro,low,strong_rise
2772977,Ethiopia Bunna,Hadiya Hossana,Ethiopia Premier League,5/5/2025,1,0,1,1,0.25,HOME,0.25,1,PICK_EM,2.0,W,1.0,1,UNDER_W,1.0,0.25,0.25,0.0,0,COVER,COVER,1,6,-9,1,W,8,6,13,-19,D,H,0.5,-23,H,0.5,-8,99,99,0,neg,pos,muy_neg,neg,low,drop
2773357,Ethiopia Nigd Bank,Welwalo Adigrat,Ethiopia Premier League,5/6/2025,2,2,4,0,1.0,HOME,1.0,4,WIN_BY_1,2.0,W,1.0,1,OVER_W,1.0,1.0,1.0,0.0,0,,,8,1,5,3,D,-2,-1,1,-4,D,A,-0.25,-17,A,0.75,-17,99,99,0,neutro,neutro,neg,neg,mid,drop
2773360,Shire Endaselassie FC,Fasil Kenema,Ethiopia Premier League,5/6/2025,1,1,2,0,-0.25,AWAY,0.25,1,PICK_EM,2.25,HL,-0.5,-1,UNDER_HW,0.5,0.0,-0.25,-0.25,-1,COVER,COVER,-9,-3,-26,-8,D,-1,-1,23,13,L,H,-0.25,19,A,0.0,15,99,99,0,muy_neg,muy_pos,pos,pos,low,drop
2773605,Dire Dawa,Hawassa City FC,Ethiopia Premier League,5/8/2025,0,1,1,-1,0.0,HOME,0.0,0,PICK_EM,2.0,L,-1.0,-1,UNDER_W,1.0,0.25,0.0,-0.25,-1,COVER,COVER,1,-1,6,28,L,3,2,9,11,D,H,0.0,6,A,0.25,9,99,99,0,pos,pos,pos,pos,low,drop
2773573,Wolaita Dicha,Arba Minch,Ethiopia Premier League,5/7/2025,2,1,3,1,0.0,HOME,0.0,0,PICK_EM,1.75,W,1.0,1,OVER_W,1.0,0.25,0.0,-0.25,-1,PUSH,PUSH,0,0,0,0,L,-6,-1,-23,-29,L,,,0,H,0.25,19,99,99,0,neutro,muy_neg,neutro,pos,low,drop
2773604,Sidama Bunna,Mekelakeya,Ethiopia Premier League,5/8/2025,2,2,4,0,-0.25,AWAY,0.25,1,PICK_EM,2.0,HL,-0.5,-1,OVER_W,1.0,-0.25,-0.25,0.0,0,NO_COVER,NO_COVER,-1,0,-16,-19,W,-8,-1,-5,-3,D,A,0.25,-76,H,0.25,17,99,99,0,neg,neutro,muy_neg,pos,low,drop
2773574,Ethiopian Insurance FC,Bahir Dar Kenema FC,Ethiopia Premier League,5/9/2025,1,2,3,-1,0.5,HOME,0.5,2,MUST_WIN,2.0,L,-1.0,-1,OVER_W,1.0,-0.5,0.5,1.0,4,COVER,COVER,5,-3,20,22,W,1,0,16,19,L,,,0,,,0,99,99,0,pos,pos,neutro,neutro,low,strong_rise
2775046,Kedus Giorgis,Adama City,Ethiopia Premier League,5/11/2025,0,1,1,-1,0.5,HOME,0.5,2,MUST_WIN,2.0,L,-1.0,-1,UNDER_W,1.0,0.75,0.5,-0.25,-1,COVER,COVER,-5,-3,18,7,L,-5,3,-20,-22,L,,,0,H,-0.25,17,99,99,0,pos,neg,neutro,pos,low,drop
2775107,Arba Minch,Hawassa City FC,Ethiopia Premier League,5/12/2025,0,1,1,-1,0.25,HOME,0.25,1,PICK_EM,2.0,L,-1.0,-1,UNDER_W,1.0,0.0,0.25,0.25,1,COVER,COVER,-5,-5,-40,-26,L,-5,2,9,1,W,A,0.75,-13,H,-0.5,-23,99,99,0,muy_neg,pos,neg,muy_neg,low,rise
2775048,Ethiopia Bunna,Wolaita Dicha,Ethiopia Premier League,5/11/2025,1,0,1,1,0.25,HOME,0.25,1,PICK_EM,1.75,W,1.0,1,UNDER_W,1.0,0.25,0.25,0.0,0,COVER,COVER,-1,-1,-32,-27,W,9,3,26,8,D,A,-0.25,19,H,0.0,0,99,99,0,muy_neg,muy_pos,pos,neutro,low,drop
2776024,Dire Dawa,Mekelle 70 Enderta FC,Ethiopia Premier League,5/13/2025,1,1,2,0,0.25,HOME,0.25,1,PICK_EM,2.0,HW,0.5,1,PUSH,0.0,0.25,0.25,0.0,0,NO_COVER,NO_COVER,5,-2,-9,-1,L,3,-2,23,1,D,A,0.0,29,H,0.0,-37,99,99,0,neg,muy_pos,muy_pos,muy_neg,low,drop
2775108,Ethio Electric FC,Sidama Bunna,Ethiopia Premier League,5/12/2025,1,2,3,-1,0.0,HOME,0.0,0,PICK_EM,2.0,L,-1.0,-1,OVER_W,1.0,0.0,0.0,0.0,0,PUSH,PUSH,5,0,37,46,L,5,3,-9,11,D,H,0.25,-9,,,0,99,99,0,muy_pos,neg,neg,neutro,low,drop
2776026,Fasil Kenema,Ethiopian Insurance FC,Ethiopia Premier League,5/13/2025,0,2,2,-2,-0.5,AWAY,0.5,2,MUST_WIN,2.0,L,-1.0,-1,PUSH,0.0,0.0,-0.5,-0.5,-2,NO_COVER,NO_COVER,-8,-6,-13,19,D,5,5,40,26,W,A,0.25,-84,A,-0.25,23,99,99,0,neg,muy_pos,muy_neg,muy_pos,low,strong_drop
2776051,Mekelakeya,Shire Endaselassie FC,Ethiopia Premier League,5/14/2025,1,1,2,0,0.5,HOME,0.5,2,MUST_WIN,2.0,W,1.0,1,PUSH,0.0,0.5,0.5,0.0,0,,,6,1,23,29,W,1,0,14,9,D,H,0.5,23,A,0.5,14,99,99,0,muy_pos,pos,muy_pos,pos,low,drop
2776023,Hadiya Hossana,Welwalo Adigrat,Ethiopia Premier League,5/13/2025,3,2,5,1,0.5,HOME,0.5,2,MUST_WIN,1.75,W,1.0,1,OVER_W,1.0,0.5,0.5,0.0,0,,,-3,0,-19,-36,L,-3,-1,-26,5,D,H,0.25,-15,A,0.5,22,99,99,0,neg,muy_neg,neg,muy_pos,low,drop
2776786,Hawassa City FC,Kedus Giorgis,Ethiopia Premier League,5/16/2025,2,1,3,1,0.0,HOME,0.0,0,PICK_EM,2.0,W,1.0,1,OVER_W,1.0,-1.0,0.0,1.0,4,NO_COVER,NO_COVER,-5,-3,9,-11,D,-5,0,-37,-46,W,A,0.25,-9,,,0,99,99,0,pos,muy_neg,neg,neutro,low,strong_rise
2776785,Sidama Bunna,Wolaita Dicha,Ethiopia Premier League,5/16/2025,1,0,1,1,0.25,HOME,0.25,1,PICK_EM,2.0,W,1.0,1,UNDER_W,1.0,0.0,0.25,0.25,1,COVER,COVER,0,-1,8,8,D,0,1,30,40,L,A,0.25,-2,,,0,99,99,0,pos,muy_pos,neutro,neutro,low,rise
2776050,Ethiopia Nigd Bank,Bahir Dar Kenema FC,Ethiopia Premier League,5/14/2025,0,0,0,0,0.0,HOME,0.0,0,PICK_EM,1.75,P,0.0,0,UNDER_W,1.0,0.25,0.0,-0.25,-1,PUSH,PUSH,3,1,26,-5,D,0,0,0,0,W,A,0.5,-23,,,0,99,99,0,muy_pos,neutro,muy_neg,neutro,low,drop
2777382,Mekelle 70 Enderta FC,Ethiopian Insurance FC,Ethiopia Premier League,5/17/2025,0,1,1,-1,-1.0,AWAY,1.0,4,WIN_BY_1,2.0,L,-1.0,-1,UNDER_W,1.0,-1.0,-1.0,0.0,0,,,-3,-1,-1,9,L,2,0,-12,7,W,,,0,,,0,99,99,0,neutro,neg,neutro,neutro,mid,drop
2777383,Dire Dawa,Arba Minch,Ethiopia Premier League,5/17/2025,1,0,1,1,0.0,HOME,0.0,0,PICK_EM,1.75,W,1.0,1,UNDER_W,1.0,0.75,0.0,-0.75,-3,COVER,COVER,0,-1,6,4,D,2,-2,-25,-16,L,,,0,H,0.25,-10,99,99,0,pos,muy_neg,neutro,neg,low,strong_drop
2777496,Welwalo Adigrat,Ethio Electric FC,Ethiopia Premier League,5/18/2025,0,0,0,0,-0.25,AWAY,0.25,1,PICK_EM,2.0,HL,-0.5,-1,UNDER_W,1.0,-0.25,-0.25,0.0,0,,,-3,-3,11,18,L,0,-3,6,10,L,,,0,H,-0.25,-37,99,99,0,pos,pos,neutro,muy_neg,low,drop
2777498,Fasil Kenema,Ethiopia Nigd Bank,Ethiopia Premier League,5/18/2025,1,1,2,0,0.25,HOME,0.25,1,PICK_EM,1.75,HW,0.5,1,OVER_HW,0.5,0.0,0.25,0.25,1,NO_COVER,NO_COVER,-2,0,12,-7,L,-5,1,-37,-19,L,H,0.5,38,A,0.5,23,99,99,0,pos,muy_neg,muy_pos,muy_pos,low,rise
2777497,Ethiopia Bunna,Adama City,Ethiopia Premier League,5/18/2025,2,0,2,2,0.75,HOME,0.75,3,MUST_WIN,2.0,W,1.0,1,PUSH,0.0,0.25,0.75,0.5,2,NO_COVER,NO_COVER,0,-1,-30,-40,W,0,-2,-18,-13,W,A,0.25,16,H,-0.5,33,99,99,0,muy_neg,neg,pos,muy_pos,mid,rise
2778130,Bahir Dar Kenema FC,Mekelakeya,Ethiopia Premier League,5/19/2025,0,0,0,0,0.25,HOME,0.25,1,PICK_EM,2.0,HW,0.5,1,UNDER_W,1.0,0.25,0.25,0.0,0,COVER,COVER,0,3,-6,-10,W,0,1,-8,-8,D,A,-0.25,-16,,,0,99,99,0,neg,neg,neg,neutro,low,drop
2778129,Hadiya Hossana,Shire Endaselassie FC,Ethiopia Premier League,5/19/2025,1,1,2,0,0.25,HOME,0.25,1,PICK_EM,2.0,HW,0.5,1,PUSH,0.0,0.25,0.25,0.0,0,,,3,2,37,22,W,-1,2,-22,-3,D,A,0.5,37,A,0.0,-22,99,99,0,muy_pos,muy_neg,muy_pos,muy_neg,low,drop
2779150,Ethiopia Bunna,Ethiopian Insurance FC,Ethiopia Premier League,5/23/2025,1,0,1,1,0.0,HOME,0.0,0,PICK_EM,1.75,W,1.0,1,UNDER_W,1.0,0.25,0.0,-0.25,-1,COVER,COVER,3,7,-24,-28,W,-3,1,-14,25,W,,,0,H,1.0,-20,99,99,0,muy_neg,neg,neutro,neg,low,drop
2779457,Dire Dawa,Bahir Dar Kenema FC,Ethiopia Premier League,5/24/2025,2,1,3,1,-0.5,AWAY,0.5,2,MUST_WIN,2.0,W,1.0,1,OVER_W,1.0,-0.5,-0.5,0.0,0,NO_COVER,NO_COVER,7,1,4,2,W,-3,1,5,-6,D,,,0,,,0,99,99,0,neutro,neutro,neutro,neutro,low,drop
2779454,Kedus Giorgis,Sidama Bunna,Ethiopia Premier League,5/24/2025,0,1,1,-1,0.0,HOME,0.0,0,PICK_EM,2.0,L,-1.0,-1,UNDER_W,1.0,0.75,0.0,-0.75,-3,COVER,COVER,0,2,18,13,L,9,4,9,19,W,A,-0.25,37,H,0.5,0,99,99,0,pos,pos,muy_pos,neutro,low,strong_drop
2779685,Ethiopia Nigd Bank,Adama City,Ethiopia Premier League,5/25/2025,0,2,2,-2,0.75,HOME,0.75,3,MUST_WIN,2.25,L,-1.0,-1,UNDER_HW,0.5,0.5,0.75,0.25,1,COVER,COVER,3,-1,-5,6,D,-3,-7,24,28,L,,,0,,,0,99,99,0,neutro,muy_pos,neutro,neutro,mid,rise
2779455,Hadiya Hossana,Ethio Electric FC,Ethiopia Premier League,5/24/2025,1,1,2,0,0.25,HOME,0.25,1,PICK_EM,2.0,HW,0.5,1,PUSH,0.0,0.25,0.25,0.0,0,,,0,2,-20,-30,D,3,2,16,-1,D,H,0.5,37,H,0.0,1,99,99,0,neg,pos,muy_pos,neutro,low,drop
2779549,Wolaita Dicha,Mekelakeya,Ethiopia Premier League,5/25/2025,1,1,2,0,-0.25,AWAY,0.25,1,PICK_EM,2.0,HL,-0.5,-1,PUSH,0.0,0.25,-0.25,-0.5,-2,NO_COVER,NO_COVER,-2,2,25,16,W,-1,1,-3,-5,D,,,0,H,0.5,-23,99,99,0,muy_pos,neutro,neutro,muy_neg,low,strong_drop
2779940,Mekelle 70 Enderta FC,Shire Endaselassie FC,Ethiopia Premier League,5/26/2025,2,1,3,1,0.25,HOME,0.25,1,PICK_EM,2.0,W,1.0,1,OVER_W,1.0,0.25,0.25,0.0,0,,,3,-1,14,-25,L,0,-2,20,30,D,A,0.5,-19,A,0.75,-30,99,99,0,pos,pos,neg,muy_neg,low,drop
2780476,Ethiopian Insurance FC,Sidama Bunna,Ethiopia Premier League,5/28/2025,3,0,3,3,0.5,HOME,0.5,2,MUST_WIN,2.0,W,1.0,1,OVER_W,1.0,0.25,0.5,0.25,1,NO_COVER,NO_COVER,0,0,0,0,L,7,3,-1,-10,W,,,0,H,-0.25,16,99,99,0,neutro,neutro,neutro,pos,low,rise
2779941,Hawassa City FC,Fasil Kenema,Ethiopia Premier League,5/26/2025,1,1,2,0,0.0,HOME,0.0,0,PICK_EM,1.75,P,0.0,0,OVER_HW,0.5,-0.25,0.0,0.25,1,PUSH,PUSH,-2,1,-23,-13,W,4,-1,-6,21,D,,,0,H,0.0,38,99,99,0,muy_neg,neg,neutro,muy_pos,low,rise
2780477,Bahir Dar Kenema FC,Arba Minch,Ethiopia Premier League,5/28/2025,0,2,2,-2,0.25,HOME,0.25,1,PICK_EM,2.0,L,-1.0,-1,PUSH,0.0,0.75,0.25,-0.5,-2,COVER,COVER,1,-1,3,5,D,-7,-1,-4,-2,L,A,-0.5,-32,A,0.5,-23,99,99,0,neutro,neutro,muy_neg,muy_neg,low,strong_drop
2780840,Adama City,Hadiya Hossana,Ethiopia Premier League,5/29/2025,1,0,1,1,-0.25,AWAY,0.25,1,PICK_EM,2.0,W,1.0,1,UNDER_W,1.0,0.25,-0.25,-0.5,-2,NO_COVER,NO_COVER,-3,2,-23,-1,D,1,1,32,27,L,A,0.75,-24,H,0.5,19,99,99,0,muy_neg,muy_pos,muy_neg,pos,low,strong_drop
2781079,Ethiopia Nigd Bank,Dire Dawa,Ethiopia Premier League,5/30/2025,1,2,3,-1,0.25,HOME,0.25,1,PICK_EM,1.75,L,-1.0,-1,OVER_W,1.0,0.75,0.25,-0.5,-2,COVER,COVER,3,0,2,-5,L,-1,-6,9,-1,L,,,0,A,0.0,-29,99,99,0,neutro,pos,neutro,muy_neg,low,strong_drop
2781506,Mekelle 70 Enderta FC,Fasil Kenema,Ethiopia Premier League,5/31/2025,1,1,2,0,0.0,HOME,0.0,0,PICK_EM,1.5,P,0.0,0,OVER_W,1.0,0.0,0.0,0.0,0,,,6,2,61,29,W,-5,1,-10,42,D,H,0.0,37,A,-0.25,-6,99,99,0,muy_pos,neg,muy_pos,neg,low,drop
2782900,Mekelle 70 Enderta FC,Sidama Bunna,Ethiopia Premier League,6/4/2025,1,0,1,1,-0.25,AWAY,0.25,1,PICK_EM,1.75,W,1.0,1,UNDER_W,1.0,-0.25,-0.25,0.0,0,,,-1,1,36,25,D,1,-4,24,44,L,H,-1.0,14,,,0,99,99,0,muy_pos,muy_pos,pos,neutro,low,drop
2783686,Fasil Kenema,Wolaita Dicha,Ethiopia Premier League,6/4/2025,0,3,3,-3,0.0,HOME,0.0,0,PICK_EM,1.75,L,-1.0,-1,OVER_W,1.0,0.75,0.0,-0.75,-3,NO_COVER,NO_COVER,-8,-3,-33,-15,D,5,-1,49,15,L,,,0,H,0.0,6,99,99,0,muy_neg,muy_pos,neutro,pos,low,strong_drop
2783762,Hadiya Hossana,Mekelakeya,Ethiopia Premier League,6/5/2025,1,1,2,0,-0.5,AWAY,0.5,2,MUST_WIN,1.75,L,-1.0,-1,OVER_HW,0.5,0.25,-0.5,-0.75,-3,NO_COVER,NO_COVER,-4,-1,-5,-16,D,6,-1,29,47,D,A,0.0,0,,,0,99,99,0,neutro,muy_pos,neutro,neutro,low,strong_drop
2783763,Ethio Electric FC,Ethiopia Nigd Bank,Ethiopia Premier League,6/5/2025,0,0,0,0,-0.25,AWAY,0.25,1,PICK_EM,2.0,HL,-0.5,-1,UNDER_W,1.0,0.5,-0.25,-0.75,-3,COVER,COVER,-9,-4,-9,-19,L,8,3,33,15,D,,,0,H,0.25,76,99,99,0,neg,muy_pos,neutro,muy_pos,low,strong_drop
2785890,Arba Minch,Kedus Giorgis,Ethiopia Premier League,6/8/2025,0,0,0,0,0.0,HOME,0.0,0,PICK_EM,2.0,P,0.0,0,UNDER_W,1.0,-1.0,0.0,1.0,4,NO_COVER,NO_COVER,7,-2,56,60,L,2,-1,23,13,L,H,0.25,56,A,0.0,23,99,99,0,muy_pos,muy_pos,muy_pos,muy_pos,low,strong_rise
2785959,Welwalo Adigrat,Hawassa City FC,Ethiopia Premier League,6/9/2025,0,1,1,-1,-0.5,AWAY,0.5,2,MUST_WIN,2.0,L,-1.0,-1,UNDER_W,1.0,0.75,-0.5,-1.25,-5,NO_COVER,NO_COVER,-3,-2,-16,1,D,12,6,0,0,W,H,0.0,22,A,0.25,9,99,99,0,neg,neutro,muy_pos,pos,low,strong_drop
2785960,Ethiopia Nigd Bank,Hadiya Hossana,Ethiopia Premier League,6/9/2025,0,1,1,-1,0.25,HOME,0.25,1,PICK_EM,2.0,L,-1.0,-1,UNDER_W,1.0,-0.25,0.25,0.5,2,COVER,COVER,1,-1,23,48,L,-2,0,3,22,L,H,0.75,2,H,0.5,-8,99,99,0,muy_pos,neutro,neutro,neg,low,rise
2786136,Ethiopian Insurance FC,Mekelakeya,Ethiopia Premier League,6/10/2025,2,0,2,2,0.25,HOME,0.25,1,PICK_EM,1.75,W,1.0,1,OVER_HW,0.5,0.0,0.25,0.25,1,NO_COVER,NO_COVER,-1,4,-24,-44,W,-1,-2,-14,-7,D,A,-0.25,-23,A,-0.25,-8,99,99,0,muy_neg,neg,muy_neg,neg,low,rise
2786579,Wolaita Dicha,Bahir Dar Kenema FC,Ethiopia Premier League,6/12/2025,0,4,4,-4,-0.25,AWAY,0.25,1,PICK_EM,1.75,L,-1.0,-1,OVER_W,1.0,0.0,-0.25,-0.25,-1,NO_COVER,NO_COVER,-6,1,-29,-47,D,0,0,32,42,L,,,0,H,0.25,-3,99,99,0,muy_neg,muy_pos,neutro,neutro,low,drop
2786137,Ethio Electric FC,Fasil Kenema,Ethiopia Premier League,6/10/2025,0,1,1,-1,0.0,HOME,0.0,0,PICK_EM,2.0,L,-1.0,-1,UNDER_W,1.0,0.75,0.0,-0.75,-3,COVER,COVER,-1,-1,16,2,D,1,-1,-36,-25,D,H,0.0,62,H,0.25,33,99,99,0,pos,muy_neg,muy_pos,muy_pos,low,strong_drop
2786578,Sidama Bunna,Dire Dawa,Ethiopia Premier League,6/12/2025,1,1,2,0,0.25,HOME,0.25,1,PICK_EM,2.0,HW,0.5,1,PUSH,0.0,0.25,0.25,0.0,0,NO_COVER,NO_COVER,-5,1,-49,-15,W,-1,1,-23,-48,W,A,0.25,-76,,,0,99,99,0,muy_neg,muy_neg,muy_neg,neutro,low,drop
2787171,Ethiopia Bunna,Kedus Giorgis,Ethiopia Premier League,6/14/2025,2,0,2,2,0.25,HOME,0.25,1,PICK_EM,1.75,W,1.0,1,OVER_HW,0.5,-1.0,0.25,1.25,5,NO_COVER,NO_COVER,0,0,-19,-20,W,-4,-5,19,-2,D,,,0,,,0,99,99,0,neg,pos,neutro,neutro,low,strong_rise
2787170,Ethiopian Insurance FC,Hadiya Hossana,Ethiopia Premier League,6/14/2025,3,2,5,1,0.5,HOME,0.5,2,MUST_WIN,2.0,W,1.0,1,OVER_W,1.0,0.5,0.5,0.0,0,,,3,4,-13,-53,W,-8,-4,-40,-23,W,H,0.5,-23,H,-0.5,-14,99,99,0,neg,muy_neg,muy_neg,neg,low,drop
2787302,Ethiopia Nigd Bank,Wolaita Dicha,Ethiopia Premier League,6/15/2025,3,2,5,1,0.5,HOME,0.5,2,MUST_WIN,2.0,W,1.0,1,OVER_W,1.0,0.5,0.5,0.0,0,NO_COVER,NO_COVER,8,4,40,23,L,-1,2,-14,-11,W,A,0.25,-33,H,0.0,0,99,99,0,muy_pos,neg,muy_neg,neutro,low,drop
2787070,Fasil Kenema,Adama City,Ethiopia Premier League,6/15/2025,2,2,4,0,0.0,HOME,0.0,0,PICK_EM,2.0,P,0.0,0,OVER_W,1.0,0.0,0.0,0.0,0,PUSH,PUSH,1,-2,14,11,L,-1,2,28,11,W,A,-0.25,6,H,-0.5,33,99,99,0,pos,muy_pos,pos,muy_pos,low,drop
2787831,Bahir Dar Kenema FC,Hawassa City FC,Ethiopia Premier League,6/16/2025,0,3,3,-3,0.25,HOME,0.25,1,PICK_EM,2.25,L,-1.0,-1,OVER_W,1.0,0.75,0.25,-0.5,-2,COVER,COVER,0,-3,21,15,L,6,2,4,-12,W,,,0,A,0.25,-56,99,99,0,muy_pos,neutro,neutro,muy_neg,low,strong_drop
2787832,Sidama Bunna,Arba Minch,Ethiopia Premier League,6/16/2025,0,0,0,0,0.5,HOME,0.5,2,MUST_WIN,2.25,W,1.0,1,UNDER_W,1.0,0.0,0.5,0.5,2,COVER,COVER,1,2,25,-19,D,0,3,-21,-15,W,H,-0.25,-16,A,0.0,-4,99,99,0,muy_pos,muy_neg,neg,neutro,low,rise
2793057,Ethiopia Bunna,Ethiopia Nigd Bank,Ethiopia Premier League,6/22/2025,2,2,4,0,0.0,HOME,0.0,0,PICK_EM,2.0,P,0.0,0,OVER_W,1.0,-0.25,0.0,0.25,1,PUSH,PUSH,5,2,-1,2,W,1,1,-16,-2,D,A,0.0,-2,A,-0.25,-18,99,99,0,neutro,neg,neutro,neg,low,rise
2793058,Kedus Giorgis,Mekelakeya,Ethiopia Premier League,6/22/2025,1,1,2,0,-0.25,AWAY,0.25,1,PICK_EM,1.75,HL,-0.5,-1,OVER_HW,0.5,0.25,-0.25,-0.5,-2,NO_COVER,NO_COVER,-7,-3,1,10,L,-3,-4,13,53,L,,,0,A,-0.25,-8,99,99,0,neutro,pos,neutro,neg,low,strong_drop
2793576,Wolaita Dicha,Dire Dawa,Ethiopia Premier League,6/23/2025,1,0,1,1,0.0,HOME,0.0,0,PICK_EM,1.75,W,1.0,1,UNDER_W,1.0,-0.25,0.0,0.25,1,PUSH,PUSH,5,-2,26,-35,L,-1,-2,-25,19,D,A,0.25,-49,H,-0.5,32,99,99,0,muy_pos,muy_neg,muy_neg,muy_pos,low,rise
2794292,Bahir Dar Kenema FC,Welwalo Adigrat,Ethiopia Premier League,6/25/2025,3,0,3,3,1.0,HOME,1.0,4,WIN_BY_1,2.25,W,1.0,1,OVER_W,1.0,1.0,1.0,0.0,0,,,-9,-6,31,28,L,-3,-2,-37,-22,L,A,0.0,0,H,-0.75,4,99,99,0,muy_pos,muy_neg,neutro,neutro,mid,drop
2793666,Hawassa City FC,Adama City,Ethiopia Premier League,6/24/2025,2,1,3,1,0.25,HOME,0.25,1,PICK_EM,2.25,W,1.0,1,OVER_W,1.0,0.0,0.25,0.25,1,NO_COVER,NO_COVER,5,-1,10,-42,D,-1,1,-6,-8,D,H,0.0,10,A,0.0,-6,99,99,0,pos,neg,pos,neg,low,rise
2793577,Hadiya Hossana,Arba Minch,Ethiopia Premier League,6/23/2025,0,1,1,-1,0.0,HOME,0.0,0,PICK_EM,2.0,L,-1.0,-1,UNDER_W,1.0,0.25,0.0,-0.25,-1,COVER,COVER,1,2,14,7,D,-5,-2,-28,-30,D,A,0.0,-17,A,0.5,-23,99,99,0,pos,muy_neg,neg,muy_neg,low,drop
2793667,Fasil Kenema,Sidama Bunna,Ethiopia Premier League,6/24/2025,1,1,2,0,0.0,HOME,0.0,0,PICK_EM,1.75,P,0.0,0,OVER_HW,0.5,0.5,0.0,-0.5,-2,PUSH,PUSH,1,-1,6,8,D,1,-4,9,9,L,A,0.0,36,H,0.5,0,99,99,0,pos,pos,muy_pos,neutro,low,strong_drop
